serie,categoria,tipologia,clase,codigo,referencia,2010,2011,2012,2013,2014,2015,2016,2017,2018,2019,2020,2021,2022,2023,2024,2025,2026
BMW 114i F21,LIVIANO PASAJEROS,HATCHBACK,AUTOMOVIL,00832032,BMW 114i F21 MT 1600CC T 3P,,,,51100.0,52900.0,56900.0,,,,,,,,,,,
BMW 116i E81,LIVIANO PASAJEROS,HATCHBACK,AUTOMOVIL,00832018,BMW 116i E81 MT 1600CC CT 3P,,50600.0,55900.0,,,,,,,,,,,,,,
BMW 116i E81 Sport,LIVIANO PASAJEROS,HATCHBACK,AUTOMOVIL,00832034,BMW 116i E81 Sport MT 1600CC 3P,,44400.0,,,,,,,,,,,,,,,
BMW 116i E87,LIVIANO PASAJEROS,HATCHBACK,AUTOMOVIL,00832006,BMW 116i E87 MT 1600CC 5P,39400.0,43000.0,46100.0,,,,,,,,,,,,,,
BMW 116i E87,LIVIANO PASAJEROS,HATCHBACK,AUTOMOVIL,00832014,BMW 116i E87 MT 1600CC CT 5P,41600.0,44600.0,46600.0,,,,,,,,,,,,,,
BMW 116i E87 SPORT,LIVIANO PASAJEROS,HATCHBACK,AUTOMOVIL,00832051,BMW 116i E87 SPORT TP 1600CC CT 5P,,38100.0,,,,,,,,,,,,,,,
BMW 116i F20 Sport Line,LIVIANO PASAJEROS,HATCHBACK,AUTOMOVIL,00832021,BMW 116i F20 Sport Line MT 1600CC T 5P,,,42700.0,47000.0,51800.0,,,,,,,,,,,,
BMW 116i F20 Sport Line,LIVIANO PASAJEROS,HATCHBACK,AUTOMOVIL,00832050,BMW 116i F20 Sport Line TP 1600CC T 5P,,,,,60600.0,,,,,,,,,,,,
BMW 116i F20 Standard,LIVIANO PASAJEROS,HATCHBACK,AUTOMOVIL,00832027,BMW 116i F20 Standard MT 1600CC T 5P,,,43100.0,47500.0,52300.0,,,,,,,,,,,,
BMW 116i F20 Standard,LIVIANO PASAJEROS,HATCHBACK,AUTOMOVIL,00832038,BMW 116i F20 Standard TP 1600CC T 5P,,,,43400.0,47800.0,52600.0,,,,,,,,,,,
BMW 116i F20 Urban Line,LIVIANO PASAJEROS,HATCHBACK,AUTOMOVIL,00832022,BMW 116i F20 Urban Line TP 1600CC T 5P,,,41000.0,45200.0,49800.0,,,,,,,,,,,,
BMW 116i F21,LIVIANO PASAJEROS,HATCHBACK,AUTOMOVIL,00832029,BMW 116i F21 MT 1600CC T 3P,,,,53200.0,57700.0,,,,,,,,,,,,
BMW 116i F21 Sport Line,LIVIANO PASAJEROS,HATCHBACK,AUTOMOVIL,00832028,BMW 116i F21 Sport Line TP 1600CC T 3P,,,,51500.0,56700.0,,,,,,,,,,,,
BMW 118 [F70] Edición M PRO,LIVIANO PASAJEROS,HATCHBACK,AUTOMOVIL,00832067,BMW 118 [F70] Edición M PRO TP 15000CC 6AB,,,,,,,,,,,,,,,,174700.0,
BMW 118d E87,LIVIANO PASAJEROS,HATCHBACK,AUTOMOVIL,00832017,BMW 118d E87 MT 2000CC TD,,,,,,,,,,,,,,,,,
BMW 118i F20 Sport Line,LIVIANO PASAJEROS,HATCHBACK,AUTOMOVIL,00832023,BMW 118i F20 Sport Line MT 1600CC T 5P,,,50400.0,55500.0,,,,,,,,,,,,,
BMW 118i F20 Sport Line,LIVIANO PASAJEROS,HATCHBACK,AUTOMOVIL,00832026,BMW 118i F20 Sport Line TP 1600CC T 5P,,,48700.0,52000.0,55800.0,,,,,,,,,,,,
BMW 118i F20 Standard M,LIVIANO PASAJEROS,HATCHBACK,AUTOMOVIL,00832042,BMW 118i F20 Standard M MT 1600CC T 5P,,,,,53400.0,58700.0,,,,,,,,,,,
BMW 118i F20 Standard M,LIVIANO PASAJEROS,HATCHBACK,AUTOMOVIL,00832039,BMW 118i F20 Standard M TP 1600CC T 5P,,,,,54800.0,60400.0,,,,,,,,,,,
BMW 118i F40 Edicion M,LIVIANO PASAJEROS,HATCHBACK,AUTOMOVIL,00832060,BMW 118i F40 Edicion M TP 1500CC T CT,,,,,,,,,,,93300.0,103400.0,,125800.0,148800.0,158200.0,172900.0
BMW 118i F40 Sport Line,LIVIANO PASAJEROS,HATCHBACK,AUTOMOVIL,00832058,BMW 118i F40 Sport Line TP 1500CC T CT,,,,,,,,,,,94300.0,102400.0,112000.0,126000.0,138500.0,,
BMW 120d E87,LIVIANO PASAJEROS,HATCHBACK,AUTOMOVIL,00832016,BMW 120d E87 MT 2000CC TD,40800.0,45100.0,,,,,,,,,,,,,,,
BMW 120d E87,LIVIANO PASAJEROS,HATCHBACK,AUTOMOVIL,00832024,BMW 120d E87 TP 2000CC TD,30500.0,33700.0,,,,,,,,,,,,,,,
BMW 120d F20 Sport Line,LIVIANO PASAJEROS,HATCHBACK,AUTOMOVIL,00832025,BMW 120d F20 Sport Line MT 2000CC TD,,,39800.0,44000.0,,,,,,,,,,,,,
BMW 120i E81,LIVIANO PASAJEROS,HATCHBACK,AUTOMOVIL,00832019,BMW 120i E81 MT 2000CC CT 3P,,,53700.0,,,,,,,,,,,,,,
BMW 120i E82 COUPE,LIVIANO PASAJEROS,SEDAN,AUTOMOVIL,00833175,BMW 120i E82 COUPE MT 2000CC,48600.0,53500.0,58900.0,64900.0,,,,,,,,,,,,,
BMW 120i E82 COUPE,LIVIANO PASAJEROS,SEDAN,AUTOMOVIL,00833212,BMW 120i E82 COUPE TP 2000CC,,50600.0,55400.0,59800.0,,,,,,,,,,,,,
BMW 120i E87,LIVIANO PASAJEROS,HATCHBACK,AUTOMOVIL,00832007,BMW 120i E87 AT 2000CC 5P,43300.0,47300.0,,,,,,,,,,,,,,,
BMW 120i E87 SPORT,LIVIANO PASAJEROS,HATCHBACK,AUTOMOVIL,00832005,BMW 120i E87 SPORT MT 2000CC 5P,37900.0,41900.0,46200.0,,,,,,,,,,,,,,
BMW 120i E88 CABRIOLET,LIVIANO PASAJEROS,DESCAPOTABLES,AUTOMOVIL,00831019,BMW 120i E88 CABRIOLET MT 2000CC 2P,73000.0,75300.0,78400.0,83300.0,85200.0,,,,,,,,,,,,
BMW 120i E88 CABRIOLET,LIVIANO PASAJEROS,DESCAPOTABLES,AUTOMOVIL,00831025,BMW 120i E88 CABRIOLET TP 2000CC 2P,62900.0,66400.0,66800.0,67200.0,74200.0,,,,,,,,,,,,
BMW 120i F20 LCI Comfort,LIVIANO PASAJEROS,HATCHBACK,AUTOMOVIL,00832052,BMW 120i F20 LCI Comfort TP 2000CC T CT 5P,,,,,,,,,81700.0,87800.0,,,,,,,
BMW 120i F20 LCI M Edition,LIVIANO PASAJEROS,HATCHBACK,AUTOMOVIL,00832044,BMW 120i F20 LCI M Edition MT 1600CC T CT 5P,,,,,,,67500.0,,,,,,,,,,
BMW 120i F20 LCI M Edition,LIVIANO PASAJEROS,HATCHBACK,AUTOMOVIL,00832045,BMW 120i F20 LCI M Edition TP 1600CC T CT 5P,,,,,,,64900.0,71400.0,,,,,,,,,
BMW 120i F20 LCI M Edition,LIVIANO PASAJEROS,HATCHBACK,AUTOMOVIL,00832048,BMW 120i F20 LCI M Edition TP 2000CC T CT 5P,,,,,,,,70100.0,77200.0,85100.0,,,,,,,
BMW 125i E82 COUPE,LIVIANO PASAJEROS,SEDAN,AUTOMOVIL,00833194,BMW 125i E82 COUPE MT 3000CC 2P,,78400.0,86300.0,,,,,,,,,,,,,,
BMW 125i E82 COUPE,LIVIANO PASAJEROS,SEDAN,AUTOMOVIL,00833130,BMW 125i E82 COUPE TP 3000CC 2P,61100.0,67400.0,69300.0,,,,,,,,,,,,,,
BMW 128i E88 CABRIOLET,LIVIANO PASAJEROS,DESCAPOTABLES,AUTOMOVIL,00831029,BMW 128i E88 CABRIOLET TP 3000CC,69900.0,,,,,,,,,,,,,,,,
BMW 128ti F40,LIVIANO PASAJEROS,HATCHBACK,AUTOMOVIL,00832061,BMW 128ti F40 TP 2000CC T CT,,,,,,,,,,,,121500.0,130700.0,145600.0,154000.0,,
BMW 130i E87,LIVIANO PASAJEROS,HATCHBACK,AUTOMOVIL,00832009,BMW 130i E87 AT 3000CC 5P,60700.0,65200.0,,,,,,,,,,,,,,,
BMW 130i E87,LIVIANO PASAJEROS,HATCHBACK,AUTOMOVIL,00832008,BMW 130i E87 MT 3000CC 5P,57400.0,59900.0,,,,,,,,,,,,,,,
BMW 135i E82 COUPE,LIVIANO PASAJEROS,SEDAN,AUTOMOVIL,00833193,BMW 135i E82 COUPE MT 3000CC T 2P,71000.0,78200.0,86100.0,94900.0,,,,,,,,,,,,,
BMW 135i E82 COUPE,LIVIANO PASAJEROS,SEDAN,AUTOMOVIL,00833123,BMW 135i E82 COUPE TP 3000CC T 2P,64900.0,71500.0,78800.0,86700.0,,,,,,,,,,,,,
BMW 135i E88 CABRIOLET,LIVIANO PASAJEROS,DESCAPOTABLES,AUTOMOVIL,00831022,BMW 135i E88 CABRIOLET TP 3000CC T 2P,70700.0,78200.0,86400.0,95500.0,,,,,,,,,,,,,
BMW 135i E88 CABRIOLET M sport,LIVIANO PASAJEROS,DESCAPOTABLES,AUTOMOVIL,00831041,BMW 135i E88 CABRIOLET M sport TP 3000CC T 2P,,,,,90300.0,,,,,,,,,,,,
BMW 2002 2.0,LIVIANO PASAJEROS,SEDAN,AUTOMOVIL,00833004,BMW 2002 2.0 MT 2000CC 2P,,,,,,,,,,,,,,,,,
BMW 2002 TII,LIVIANO PASAJEROS,SEDAN,AUTOMOVIL,00833086,BMW 2002 TII MT 2000CC 2P SA,,,,,,,,,,,,,,,,,
BMW 218 F74 Gran Coupe Edicion M,LIVIANO PASAJEROS,SEDAN,AUTOMOVIL,00833300,BMW 218 F74 Gran Coupe Edicion M AT 1500CC T CT,,,,,,,,,,,,,,,,178500.0,185900.0
BMW 218i F44 Gran Coupe Edicion M/ Edicion Limitada,LIVIANO PASAJEROS,SEDAN,AUTOMOVIL,00833259,BMW 218i F44 Gran Coupe Edicion M/ Edicion Limitada TP 1500CC T CT,,,,,,,,,,,98700.0,108600.0,119700.0,131800.0,156100.0,159800.0,176600.0
BMW 218i F44 Gran Coupe Sportline,LIVIANO PASAJEROS,SEDAN,AUTOMOVIL,00833267,BMW 218i F44 Gran Coupe Sportline TP 1500CC T CT,,,,,,,,,,,,114800.0,122400.0,143700.0,163100.0,,
BMW 218i [F45] Active Tourer,LIVIANO PASAJEROS,HATCHBACK,AUTOMOVIL,00832043,BMW 218i [F45] Active Tourer TP 1500CC T CT,,,,,,57100.0,62800.0,69200.0,76200.0,83900.0,92500.0,101800.0,112100.0,,,,
BMW 218i [F46] Gran Tourer,LIVIANO PASAJEROS,VAN PASAJEROS,CAMIONETA PASAJ.,00837001,BMW 218i [F46] Gran Tourer TP 1500CC T,,,,,,,,,78500.0,86400.0,95200.0,104800.0,,,,,
BMW 220i F22 COUPE Sportline,LIVIANO PASAJEROS,SEDAN,AUTOMOVIL,00833222,BMW 220i F22 COUPE Sportline TP 2000CC T,,,,,65500.0,72100.0,79500.0,87500.0,96400.0,106100.0,116900.0,,,,,,
BMW 220i F23 Cabriolet,LIVIANO PASAJEROS,DESCAPOTABLES,AUTOMOVIL,00831047,BMW 220i F23 Cabriolet TP 2000CC 2P,,,,,,95800.0,101300.0,110500.0,116100.0,126800.0,129300.0,148800.0,,,,,
BMW 220i F44 Gran Coupe Edicion M,LIVIANO PASAJEROS,SEDAN,AUTOMOVIL,00833272,BMW 220i F44 Gran Coupe Edicion M TP 2000CC T CT R18,,,,,,,,,,,,,134000.0,146100.0,168700.0,,
BMW 220i F44 Gran Coupe Sport Line,LIVIANO PASAJEROS,SEDAN,AUTOMOVIL,00833263,BMW 220i F44 Gran Coupe Sport Line TP 2000CC T CT R18,,,,,,,,,,,116100.0,125000.0,132000.0,144900.0,163000.0,,
BMW 220i G42 Coupe Edición M,LIVIANO PASAJEROS,SEDAN,AUTOMOVIL,00833276,BMW 220i G42 Coupe Edición M TP 2000CC T CT R18,,,,,,,,,,,,,188700.0,153000.0,,,
BMW 225xe [F45] Active Tourer iPerformance,LIVIANO PASAJEROS,HATCHBACK,AUTOMOVIL,00832055,BMW 225xe [F45] Active Tourer iPerformance TP 1500CC T,,,,,,,,,,91600.0,100900.0,111100.0,,,,,
BMW 316 E21,LIVIANO PASAJEROS,SEDAN,AUTOMOVIL,00833189,BMW 316 E21 MT 1600CC 2P,,,,,,,,,,,,,,,,,
BMW 316 E30,LIVIANO PASAJEROS,SEDAN,AUTOMOVIL,00833017,BMW 316 E30 MT 1800CC 4P,,,,,,,,,,,,,,,,,
BMW 316i E36,LIVIANO PASAJEROS,SEDAN,AUTOMOVIL,00833066,BMW 316i E36 MT 1600CC 4P,,,,,,,,,,,,,,,,,
BMW 316i E36 COMPACT,LIVIANO PASAJEROS,HATCHBACK,AUTOMOVIL,00832002,BMW 316i E36 COMPACT MT 1600CC 3P,,,,,,,,,,,,,,,,,
BMW 316i E36 COUPE,LIVIANO PASAJEROS,SEDAN,AUTOMOVIL,00833023,BMW 316i E36 COUPE MT 1600CC 2P,,,,,,,,,,,,,,,,,
BMW 316i E46,LIVIANO PASAJEROS,SEDAN,AUTOMOVIL,00833058,BMW 316i E46 AT 1900CC 4P,,,,,,,,,,,,,,,,,
BMW 316i E90 LCI,LIVIANO PASAJEROS,SEDAN,AUTOMOVIL,00833157,BMW 316i E90 LCI MT 1600CC,38000.0,41900.0,,,,,,,,,,,,,,,
BMW 316i F30 Ejecutivo,LIVIANO PASAJEROS,SEDAN,AUTOMOVIL,00833225,BMW 316i F30 Ejecutivo TP 1600CC T CT,,,,,53300.0,58700.0,,,,,,,,,,,
BMW 316i F30 Standard,LIVIANO PASAJEROS,SEDAN,AUTOMOVIL,00833211,BMW 316i F30 Standard MT 1600CC T,,,,51300.0,56400.0,,,,,,,,,,,,
BMW 316i F30 Standard,LIVIANO PASAJEROS,SEDAN,AUTOMOVIL,00833213,BMW 316i F30 Standard TP 1600CC T,,,,46900.0,51600.0,,,,,,,,,,,,
BMW 318Ci E46 COUPE,LIVIANO PASAJEROS,SEDAN,AUTOMOVIL,00833024,BMW 318Ci E46 COUPE MT 1900CC 2P,,,,,,,,,,,,,,,,,
BMW 318i E30,LIVIANO PASAJEROS,SEDAN,AUTOMOVIL,00833125,BMW 318i E30 MT 1800CC 4P,,,,,,,,,,,,,,,,,
BMW 318i E30 COUPE,LIVIANO PASAJEROS,SEDAN,AUTOMOVIL,00833134,BMW 318i E30 COUPE MT 1800CC 2P,,,,,,,,,,,,,,,,,
BMW 318i E36,LIVIANO PASAJEROS,SEDAN,AUTOMOVIL,00833054,BMW 318i E36 AT 1800CC 4P,,,,,,,,,,,,,,,,,
BMW 318i E36,LIVIANO PASAJEROS,SEDAN,AUTOMOVIL,00833037,BMW 318i E36 MT 1800CC 4P,,,,,,,,,,,,,,,,,
BMW 318i E36 CABRIOLET,LIVIANO PASAJEROS,DESCAPOTABLES,AUTOMOVIL,00831030,BMW 318i E36 CABRIOLET MT 1800CC,,,,,,,,,,,,,,,,,
BMW 318i E46,LIVIANO PASAJEROS,SEDAN,AUTOMOVIL,00833069,BMW 318i E46 AT 1900CC 4P,,,,,,,,,,,,,,,,,
BMW 318i E46,LIVIANO PASAJEROS,SEDAN,AUTOMOVIL,00833051,BMW 318i E46 AT 2000CC 4P,,,,,,,,,,,,,,,,,
BMW 318i E46,LIVIANO PASAJEROS,SEDAN,AUTOMOVIL,00833047,BMW 318i E46 MT 1900CC 4P,,,,,,,,,,,,,,,,,
BMW 318i E46,LIVIANO PASAJEROS,SEDAN,AUTOMOVIL,00833062,BMW 318i E46 MT 2000CC 4P,,,,,,,,,,,,,,,,,
BMW 318i E90,LIVIANO PASAJEROS,SEDAN,AUTOMOVIL,00833118,BMW 318i E90 MT 2000CC 4P,,,,,,,,,,,,,,,,,
BMW 318i E90 LCI,LIVIANO PASAJEROS,SEDAN,AUTOMOVIL,00833153,BMW 318i E90 LCI MT 2000CC,41300.0,43400.0,43900.0,,,,,,,,,,,,,,
BMW 318i E90 LCI,LIVIANO PASAJEROS,SEDAN,AUTOMOVIL,00833173,BMW 318i E90 LCI MT 2000CC PM CT,40600.0,41400.0,45800.0,,,,,,,,,,,,,,
BMW 318i F30 LCI Exclusive,LIVIANO PASAJEROS,SEDAN,AUTOMOVIL,00833239,BMW 318i F30 LCI Exclusive TP 1500CC T CT,,,,,,,,71300.0,77000.0,,,,,,,,
BMW 318iA E36 CABRIOLET,LIVIANO PASAJEROS,DESCAPOTABLES,AUTOMOVIL,00831009,BMW 318iA E36 CABRIOLET AT 1800CC,,,,,,,,,,,,,,,,,
BMW 318is E36,LIVIANO PASAJEROS,SEDAN,AUTOMOVIL,00833065,BMW 318is E36 AT 1800CC 4P,,,,,,,,,,,,,,,,,
BMW 318is E36,LIVIANO PASAJEROS,SEDAN,AUTOMOVIL,00833171,BMW 318is E36 AT 1900CC 4P,,,,,,,,,,,,,,,,,
BMW 318is E36,LIVIANO PASAJEROS,SEDAN,AUTOMOVIL,00833030,BMW 318is E36 MT 1800CC 4P,,,,,,,,,,,,,,,,,
BMW 318is E36,LIVIANO PASAJEROS,SEDAN,AUTOMOVIL,00833126,BMW 318is E36 MT 1900CC 4P CT,,,,,,,,,,,,,,,,,
BMW 318is E36 COUPE,LIVIANO PASAJEROS,SEDAN,AUTOMOVIL,00833022,BMW 318is E36 COUPE MT 1800CC 2P,,,,,,,,,,,,,,,,,
BMW 318ti E36 COMPACT,LIVIANO PASAJEROS,HATCHBACK,AUTOMOVIL,00832004,BMW 318ti E36 COMPACT AT 1800CC 3P,,,,,,,,,,,,,,,,,
BMW 318ti E36 COMPACT,LIVIANO PASAJEROS,HATCHBACK,AUTOMOVIL,00832013,BMW 318ti E36 COMPACT AT 1900CC 3P,,,,,,,,,,,,,,,,,
BMW 318ti E36 COMPACT,LIVIANO PASAJEROS,HATCHBACK,AUTOMOVIL,00832001,BMW 318ti E36 COMPACT MT 1800CC 3P,,,,,,,,,,,,,,,,,
BMW 320/4 E21,LIVIANO PASAJEROS,SEDAN,AUTOMOVIL,00833005,BMW 320/4 E21 MT 2000CC 2P,,,,,,,,,,,,,,,,,
BMW 320/6 E21,LIVIANO PASAJEROS,SEDAN,AUTOMOVIL,00833006,BMW 320/6 E21 MT 2000CC 2P,,,,,,,,,,,,,,,,,
BMW 320d E90 LCI,LIVIANO PASAJEROS,SEDAN,AUTOMOVIL,00833197,BMW 320d E90 LCI MT 2000CC,47300.0,,,,,,,,,,,,,,,,
BMW 320d E90 LCI,LIVIANO PASAJEROS,SEDAN,AUTOMOVIL,00833161,BMW 320d E90 LCI TP 2000CC PM CT,43300.0,47700.0,52500.0,,,,,,,,,,,,,,
BMW 320d E90 LCI Executive,LIVIANO PASAJEROS,SEDAN,AUTOMOVIL,00833162,BMW 320d E90 LCI Executive TP 2000CC CT,43600.0,48000.0,52900.0,,,,,,,,,,,,,,
BMW 320d E90 LCI Sport,LIVIANO PASAJEROS,SEDAN,AUTOMOVIL,00833163,BMW 320d E90 LCI Sport TP 2000CC,46100.0,50800.0,,,,,,,,,,,,,,,
BMW 320d F30 Executive,LIVIANO PASAJEROS,SEDAN,AUTOMOVIL,00833214,BMW 320d F30 Executive TP 2000CC TD CT,,,54700.0,60200.0,66300.0,,,,,,,,,,,,
BMW 320d F30 Sportline,LIVIANO PASAJEROS,SEDAN,AUTOMOVIL,00833234,BMW 320d F30 Sportline TP 2000CC TD CT,,,,,,84100.0,92700.0,,,,,,,,,,
BMW 320d F30 Standard,LIVIANO PASAJEROS,SEDAN,AUTOMOVIL,00833265,BMW 320d F30 Standard MT 2000CC TD,,,61400.0,66100.0,,,,,,,,,,,,,
BMW 320i E30,LIVIANO PASAJEROS,SEDAN,AUTOMOVIL,00833107,BMW 320i E30 MT 2000CC 4P,,,,,,,,,,,,,,,,,
BMW 320i E30 CABRIOLET,LIVIANO PASAJEROS,DESCAPOTABLES,AUTOMOVIL,00831013,BMW 320i E30 CABRIOLET AT 2000CC 2P,,,,,,,,,,,,,,,,,
BMW 320i E30 CABRIOLET,LIVIANO PASAJEROS,DESCAPOTABLES,AUTOMOVIL,00831002,BMW 320i E30 CABRIOLET MT 2000CC 2P,,,,,,,,,,,,,,,,,
BMW 320i E30 TOURING,LIVIANO PASAJEROS,STATION WAGON,CAMIONETA PASAJ.,00834010,BMW 320i E30 TOURING MT 2000CC SW,,,,,,,,,,,,,,,,,
BMW 320i E36,LIVIANO PASAJEROS,SEDAN,AUTOMOVIL,00833094,BMW 320i E36 AT 2000CC 4P,,,,,,,,,,,,,,,,,
BMW 320i E36,LIVIANO PASAJEROS,SEDAN,AUTOMOVIL,00833014,BMW 320i E36 MT 2000CC 4P,,,,,,,,,,,,,,,,,
BMW 320i E36 COUPE,LIVIANO PASAJEROS,SEDAN,AUTOMOVIL,00833015,BMW 320i E36 COUPE MT 2000CC 2P,,,,,,,,,,,,,,,,,
BMW 320i E36 TOURING,LIVIANO PASAJEROS,STATION WAGON,CAMIONETA PASAJ.,00834004,BMW 320i E36 TOURING AT 2000CC SW,,,,,,,,,,,,,,,,,
BMW 320i E36 TOURING,LIVIANO PASAJEROS,STATION WAGON,CAMIONETA PASAJ.,00834005,BMW 320i E36 TOURING MT 2000CC SW,,,,,,,,,,,,,,,,,
BMW 320i E46,LIVIANO PASAJEROS,SEDAN,AUTOMOVIL,00833144,BMW 320i E46 MT 2200CC 4P,,,,,,,,,,,,,,,,,
BMW 320i E90,LIVIANO PASAJEROS,SEDAN,AUTOMOVIL,00833067,BMW 320i E90 AT 2000CC 4P CT,,,,,,,,,,,,,,,,,
BMW 320i E90,LIVIANO PASAJEROS,SEDAN,AUTOMOVIL,00833113,BMW 320i E90 MT 2000CC 4P,,,,,,,,,,,,,,,,,
BMW 320i E90 LCI,LIVIANO PASAJEROS,SEDAN,AUTOMOVIL,00833154,BMW 320i E90 LCI TP 2000CC,42900.0,47400.0,,,,,,,,,,,,,,,
BMW 320i E90 LCI,LIVIANO PASAJEROS,SEDAN,AUTOMOVIL,00833164,BMW 320i E90 LCI TP 2000CC PM CT,42900.0,47400.0,51300.0,,,,,,,,,,,,,,
BMW 320i E90 LCI Executive,LIVIANO PASAJEROS,SEDAN,AUTOMOVIL,00833165,BMW 320i E90 LCI Executive TP 2000CC CT,40300.0,44400.0,48900.0,,,,,,,,,,,,,,
BMW 320i E90 LCI Sport,LIVIANO PASAJEROS,SEDAN,AUTOMOVIL,00833187,BMW 320i E90 LCI Sport MT 2000CC,49200.0,53600.0,,,,,,,,,,,,,,,
BMW 320i E90 LCI Sport,LIVIANO PASAJEROS,SEDAN,AUTOMOVIL,00833166,BMW 320i E90 LCI Sport TP 2000CC,42100.0,46500.0,,,,,,,,,,,,,,,
BMW 320i E93 CABRIOLET,LIVIANO PASAJEROS,DESCAPOTABLES,AUTOMOVIL,00831016,BMW 320i E93 CABRIOLET MT 2000CC 2P,,,,,,,,,,,,,,,,,
BMW 320i E93 CABRIOLET,LIVIANO PASAJEROS,DESCAPOTABLES,AUTOMOVIL,00831017,BMW 320i E93 CABRIOLET TP 2000CC 2P,47000.0,51700.0,,,,,,,,,,,,,,,
BMW 320i F30 Executive,LIVIANO PASAJEROS,SEDAN,AUTOMOVIL,00833201,BMW 320i F30 Executive TP 2000CC T CT,,,,59700.0,64800.0,72300.0,80800.0,85800.0,,,,,,,,,
BMW 320i F30 Luxury Line Plus,LIVIANO PASAJEROS,SEDAN,AUTOMOVIL,00833235,BMW 320i F30 Luxury Line Plus TP 2000CC T CT,,,,62000.0,64100.0,73800.0,78300.0,85900.0,,,,,,,,,
BMW 320i F30 Sportline,LIVIANO PASAJEROS,SEDAN,AUTOMOVIL,00833216,BMW 320i F30 Sportline TP 2000CC T CT,,,,54400.0,59900.0,66000.0,72600.0,80000.0,88100.0,,,,,,,,
BMW 320i F30 Standard,LIVIANO PASAJEROS,SEDAN,AUTOMOVIL,00833209,BMW 320i F30 Standard MT 2000CC T,,,,57800.0,,,,,,,,,,,,,
BMW 320i F30 Standard,LIVIANO PASAJEROS,SEDAN,AUTOMOVIL,00833202,BMW 320i F30 Standard TP 2000CC T,,,,52900.0,,,,,,,,,,,,,
BMW 320i F34 Gran Turismo,LIVIANO PASAJEROS,HATCHBACK,AUTOMOVIL,00832036,BMW 320i F34 Gran Turismo TP 2000CC T,,,,,53600.0,,,,,,,,,,,,
BMW 320i G20 LCI,LIVIANO PASAJEROS,SEDAN,AUTOMOVIL,00833280,BMW 320i G20 LCI TP 2000CC T,,,,,,,,,,,,,,186900.0,,,
BMW 320i G20 Sportline,LIVIANO PASAJEROS,SEDAN,AUTOMOVIL,00833254,BMW 320i G20 Sportline TP 2000CC T CT,,,,,,,,,,,118700.0,122900.0,135200.0,156700.0,182100.0,,
BMW 320i [FL] Sport Line,LIVIANO PASAJEROS,SEDAN,AUTOMOVIL,00833297,BMW 320i [FL] Sport Line TP 2000CC T CT TC,,,,,,,,,,,,,,,,185500.0,195200.0
BMW 320iA E46,LIVIANO PASAJEROS,SEDAN,AUTOMOVIL,00833059,BMW 320iA E46 AT 2200CC 4P,,,,,,,,,,,,,,,,,
BMW 323i E21,LIVIANO PASAJEROS,SEDAN,AUTOMOVIL,00833137,BMW 323i E21 MT 2300CC 2P,,,,,,,,,,,,,,,,,
BMW 323i E30,LIVIANO PASAJEROS,SEDAN,AUTOMOVIL,00833108,BMW 323i E30 MT 2300CC 4P,,,,,,,,,,,,,,,,,
BMW 323i E30 COUPE,LIVIANO PASAJEROS,SEDAN,AUTOMOVIL,00833088,BMW 323i E30 COUPE MT 2300CC 2P,,,,,,,,,,,,,,,,,
BMW 323i E36,LIVIANO PASAJEROS,SEDAN,AUTOMOVIL,00833146,BMW 323i E36 AT 2500CC 4P,,,,,,,,,,,,,,,,,
BMW 323i E36,LIVIANO PASAJEROS,SEDAN,AUTOMOVIL,00833016,BMW 323i E36 MT 2500CC 4P,,,,,,,,,,,,,,,,,
BMW 323i E46,LIVIANO PASAJEROS,SEDAN,AUTOMOVIL,00833043,BMW 323i E46 AT 2500CC 4P,,,,,,,,,,,,,,,,,
BMW 323i E46,LIVIANO PASAJEROS,SEDAN,AUTOMOVIL,00833093,BMW 323i E46 MT 2500CC 4P,,,,,,,,,,,,,,,,,
BMW 323tiA E36 COMPACT,LIVIANO PASAJEROS,HATCHBACK,AUTOMOVIL,00832003,BMW 323tiA E36 COMPACT AT 2500CC,,,,,,,,,,,,,,,,,
BMW 325Ci E46 CABRIOLET,LIVIANO PASAJEROS,DESCAPOTABLES,AUTOMOVIL,00831037,BMW 325Ci E46 CABRIOLET TP 2500CC,,,,,,,,,,,,,,,,,
BMW 325Ci E46 COUPE,LIVIANO PASAJEROS,SEDAN,AUTOMOVIL,00833060,BMW 325Ci E46 COUPE AT 2500CC 2P,,,,,,,,,,,,,,,,,
BMW 325Ci E46 COUPE,LIVIANO PASAJEROS,SEDAN,AUTOMOVIL,00833033,BMW 325Ci E46 COUPE MT 2500CC 2P,,,,,,,,,,,,,,,,,
BMW 325e E30,LIVIANO PASAJEROS,SEDAN,AUTOMOVIL,00833097,BMW 325e E30 AT 2700CC 4P,,,,,,,,,,,,,,,,,
BMW 325e E30,LIVIANO PASAJEROS,SEDAN,AUTOMOVIL,00833002,BMW 325e E30 MT 2700CC 4P,,,,,,,,,,,,,,,,,
BMW 325e E30 COUPE,LIVIANO PASAJEROS,SEDAN,AUTOMOVIL,00833131,BMW 325e E30 COUPE MT 2700CC 2P,,,,,,,,,,,,,,,,,
BMW 325i E30,LIVIANO PASAJEROS,SEDAN,AUTOMOVIL,00833117,BMW 325i E30 AT 2500CC 4P,,,,,,,,,,,,,,,,,
BMW 325i E30,LIVIANO PASAJEROS,SEDAN,AUTOMOVIL,00833112,BMW 325i E30 MT 2500CC 4P,,,,,,,,,,,,,,,,,
BMW 325i E30 CABRIOLET,LIVIANO PASAJEROS,DESCAPOTABLES,AUTOMOVIL,00831015,BMW 325i E30 CABRIOLET MT 2500CC 2P,,,,,,,,,,,,,,,,,
BMW 325i E30 TOURING,LIVIANO PASAJEROS,STATION WAGON,CAMIONETA PASAJ.,00834001,BMW 325i E30 TOURING MT 2500CC,,,,,,,,,,,,,,,,,
BMW 325i E36,LIVIANO PASAJEROS,SEDAN,AUTOMOVIL,00833034,BMW 325i E36 AT 2500CC 4P,,,,,,,,,,,,,,,,,
BMW 325i E36,LIVIANO PASAJEROS,SEDAN,AUTOMOVIL,00833019,BMW 325i E36 MT 2500CC 4P,,,,,,,,,,,,,,,,,
BMW 325i E36 CABRIOLET,LIVIANO PASAJEROS,DESCAPOTABLES,AUTOMOVIL,00831006,BMW 325i E36 CABRIOLET AT 2500CC 2P,,,,,,,,,,,,,,,,,
BMW 325i E36 CABRIOLET,LIVIANO PASAJEROS,DESCAPOTABLES,AUTOMOVIL,00831001,BMW 325i E36 CABRIOLET MT 2500CC 2P,,,,,,,,,,,,,,,,,
BMW 325i E36 COUPE,LIVIANO PASAJEROS,SEDAN,AUTOMOVIL,00833018,BMW 325i E36 COUPE MT 2500CC 2P,,,,,,,,,,,,,,,,,
BMW 325i E46,LIVIANO PASAJEROS,SEDAN,AUTOMOVIL,00833101,BMW 325i E46 MT 2500CC 4P,,,,,,,,,,,,,,,,,
BMW 325i E46,LIVIANO PASAJEROS,SEDAN,AUTOMOVIL,00833052,BMW 325i E46 TP 2500CC 4P,,,,,,,,,,,,,,,,,
BMW 325i E90,LIVIANO PASAJEROS,SEDAN,AUTOMOVIL,00833076,BMW 325i E90 AT 2500CC 4P CT,,,,,,,,,,,,,,,,,
BMW 325i E90 LCI,LIVIANO PASAJEROS,SEDAN,AUTOMOVIL,00833156,BMW 325i E90 LCI MT 2500CC CT,53300.0,58700.0,,,,,,,,,,,,,,,
BMW 325i E90 LCI,LIVIANO PASAJEROS,SEDAN,AUTOMOVIL,00833151,BMW 325i E90 LCI TP 2500CC CT,48800.0,,,,,,,,,,,,,,,,
BMW 325i E90 LCI Executive,LIVIANO PASAJEROS,SEDAN,AUTOMOVIL,00833167,BMW 325i E90 LCI Executive TP 2500CC CT,45600.0,50200.0,55300.0,,,,,,,,,,,,,,
BMW 325i E90 LCI Sport,LIVIANO PASAJEROS,SEDAN,AUTOMOVIL,00833168,BMW 325i E90 LCI Sport MT 2500CC,50600.0,55800.0,61400.0,,,,,,,,,,,,,,
BMW 325i E90 PREMIUM,LIVIANO PASAJEROS,SEDAN,AUTOMOVIL,00833077,BMW 325i E90 PREMIUM AT 2500CC 4P CT,,,,,,,,,,,,,,,,,
BMW 325i E90 PREMIUM,LIVIANO PASAJEROS,SEDAN,AUTOMOVIL,00833083,BMW 325i E90 PREMIUM MT 2500CC 4P CT,,,,,,,,,,,,,,,,,
BMW 325i E92 COUPE,LIVIANO PASAJEROS,SEDAN,AUTOMOVIL,00833179,BMW 325i E92 COUPE MT 2500CC 2P,,,,,,,,,,,,,,,,,
BMW 325i E92 COUPE,LIVIANO PASAJEROS,SEDAN,AUTOMOVIL,00833110,BMW 325i E92 COUPE TP 2500CC 2P,55300.0,60900.0,67100.0,73900.0,,,,,,,,,,,,,
BMW 325i E93 CABRIOLET,LIVIANO PASAJEROS,DESCAPOTABLES,AUTOMOVIL,00831034,BMW 325i E93 CABRIOLET TP 2500CC,54800.0,60400.0,66500.0,73300.0,80700.0,,,,,,,,,,,,
BMW 325is E36 COUPE,LIVIANO PASAJEROS,SEDAN,AUTOMOVIL,00833120,BMW 325is E36 COUPE AT 2500CC 2P,,,,,,,,,,,,,,,,,
BMW 325is E36 COUPE,LIVIANO PASAJEROS,SEDAN,AUTOMOVIL,00833028,BMW 325is E36 COUPE MT 2500CC 2P,,,,,,,,,,,,,,,,,
BMW 325ti E46 COMPACT,LIVIANO PASAJEROS,HATCHBACK,AUTOMOVIL,00832012,BMW 325ti E46 COMPACT TP 2500CC 3P,,,,,,,,,,,,,,,,,
BMW 328Ci E46 COUPE,LIVIANO PASAJEROS,SEDAN,AUTOMOVIL,00833057,BMW 328Ci E46 COUPE AT 2800CC 2P,,,,,,,,,,,,,,,,,
BMW 328i E36,LIVIANO PASAJEROS,SEDAN,AUTOMOVIL,00833041,BMW 328i E36 AT 2800CC 4P,,,,,,,,,,,,,,,,,
BMW 328i E36,LIVIANO PASAJEROS,SEDAN,AUTOMOVIL,00833114,BMW 328i E36 MT 2800CC 4P,,,,,,,,,,,,,,,,,
BMW 328i E36 CABRIOLET,LIVIANO PASAJEROS,DESCAPOTABLES,AUTOMOVIL,00831020,BMW 328i E36 CABRIOLET AT 2800CC 2P,,,,,,,,,,,,,,,,,
BMW 328i E36 CABRIOLET,LIVIANO PASAJEROS,DESCAPOTABLES,AUTOMOVIL,00831008,BMW 328i E36 CABRIOLET MT 2800CC 2P,,,,,,,,,,,,,,,,,
BMW 328i E36 COUPE,LIVIANO PASAJEROS,SEDAN,AUTOMOVIL,00833036,BMW 328i E36 COUPE MT 2800CC 2P,,,,,,,,,,,,,,,,,
BMW 328i E36 TOURING,LIVIANO PASAJEROS,STATION WAGON,CAMIONETA PASAJ.,00834008,BMW 328i E36 TOURING AT 2800CC SW,,,,,,,,,,,,,,,,,
BMW 328i E36 TOURING,LIVIANO PASAJEROS,STATION WAGON,CAMIONETA PASAJ.,00834014,BMW 328i E36 TOURING MT 2800CC SW,,,,,,,,,,,,,,,,,
BMW 328i E46,LIVIANO PASAJEROS,SEDAN,AUTOMOVIL,00833106,BMW 328i E46 AT 2800CC 4P,,,,,,,,,,,,,,,,,
BMW 328i E46,LIVIANO PASAJEROS,SEDAN,AUTOMOVIL,00833035,BMW 328i E46 MT 2800CC 4P,,,,,,,,,,,,,,,,,
BMW 328i E46 TOURING,LIVIANO PASAJEROS,STATION WAGON,CAMIONETA PASAJ.,00834009,BMW 328i E46 TOURING AT 2800CC SW,,,,,,,,,,,,,,,,,
BMW 328i E46 TOURING,LIVIANO PASAJEROS,STATION WAGON,CAMIONETA PASAJ.,00834003,BMW 328i E46 TOURING MT 2800CC SW,,,,,,,,,,,,,,,,,
BMW 328i E90 LCI,LIVIANO PASAJEROS,SEDAN,AUTOMOVIL,00833217,BMW 328i E90 LCI TP 3000CC,52500.0,,,,,,,,,,,,,,,,
BMW 328i E92 COUPE,LIVIANO PASAJEROS,SEDAN,AUTOMOVIL,00833180,BMW 328i E92 COUPE TP 3000CC 2P,,,,,,,,,,,,,,,,,
BMW 328i F30 Executive,LIVIANO PASAJEROS,SEDAN,AUTOMOVIL,00833208,BMW 328i F30 Executive TP 2000CC T CT,,,62000.0,68200.0,75200.0,,,,,,,,,,,,
BMW 328i F30 Luxury Line,LIVIANO PASAJEROS,SEDAN,AUTOMOVIL,00833227,BMW 328i F30 Luxury Line TP 2000CC T CT,,,,,,81800.0,,,,,,,,,,,
BMW 328i F30 Sportline,LIVIANO PASAJEROS,SEDAN,AUTOMOVIL,00833199,BMW 328i F30 Sportline TP 2000CC T,,,59000.0,65100.0,71900.0,,,,,,,,,,,,
BMW 330Ci E46 CABRIOLET,LIVIANO PASAJEROS,DESCAPOTABLES,AUTOMOVIL,00831010,BMW 330Ci E46 CABRIOLET TP 3000CC,,,,,,,,,,,,,,,,,
BMW 330Ci E46 COUPE,LIVIANO PASAJEROS,SEDAN,AUTOMOVIL,00833063,BMW 330Ci E46 COUPE AT 3000CC,,,,,,,,,,,,,,,,,
BMW 330Ci E46 COUPE,LIVIANO PASAJEROS,SEDAN,AUTOMOVIL,00833071,BMW 330Ci E46 COUPE MT 3000CC,,,,,,,,,,,,,,,,,
BMW 330e F30 LCI iPerformance,LIVIANO PASAJEROS,SEDAN,AUTOMOVIL,00833247,BMW 330e F30 LCI iPerformance TP 2000CC T,,,,,,,,,96700.0,,,,,,,,
BMW 330e G20,LIVIANO PASAJEROS,SEDAN,AUTOMOVIL,00833255,BMW 330e G20 TP 2000CC T CT,,,,,,,,,,,125700.0,138400.0,152400.0,167900.0,184900.0,,
BMW 330e G20 Edicion M LCI,LIVIANO PASAJEROS,SEDAN,AUTOMOVIL,00833283,BMW 330e G20 Edicion M LCI TP 2000CC T CT,,,,,,,,,,,,,,199600.0,,,
BMW 330e iPerformance Edicion M,LIVIANO PASAJEROS,SEDAN,AUTOMOVIL,00833287,BMW 330e iPerformance Edicion M TP 2000CC T CT,,,,,,,,,,,,,,,229800.0,253100.0,269600.0
BMW 330i E46,LIVIANO PASAJEROS,SEDAN,AUTOMOVIL,00833050,BMW 330i E46 AT 3000CC,,,,,,,,,,,,,,,,,
BMW 330i E46,LIVIANO PASAJEROS,SEDAN,AUTOMOVIL,00833070,BMW 330i E46 MT 3000CC,,,,,,,,,,,,,,,,,
BMW 330i E90 LCI,LIVIANO PASAJEROS,SEDAN,AUTOMOVIL,00833196,BMW 330i E90 LCI TP 3000CC,52900.0,55000.0,63200.0,,,,,,,,,,,,,,
BMW 330i E90 LCI Sport,LIVIANO PASAJEROS,SEDAN,AUTOMOVIL,00833169,BMW 330i E90 LCI Sport MT 3000CC,55200.0,59000.0,64100.0,,,,,,,,,,,,,,
BMW 330i E90 PREMIUM,LIVIANO PASAJEROS,SEDAN,AUTOMOVIL,00833055,BMW 330i E90 PREMIUM AT 3000CC,,,,,,,,,,,,,,,,,
BMW 330i E90 PREMIUM,LIVIANO PASAJEROS,SEDAN,AUTOMOVIL,00833084,BMW 330i E90 PREMIUM MT 3000CC,,,,,,,,,,,,,,,,,
BMW 330i E90 SPORT,LIVIANO PASAJEROS,SEDAN,AUTOMOVIL,00833078,BMW 330i E90 SPORT AT 3000CC,,,,,,,,,,,,,,,,,
BMW 330i E90 SPORT,LIVIANO PASAJEROS,SEDAN,AUTOMOVIL,00833085,BMW 330i E90 SPORT MT 3000CC,,,,,,,,,,,,,,,,,
BMW 330i E92 COUPE,LIVIANO PASAJEROS,SEDAN,AUTOMOVIL,00833104,BMW 330i E92 COUPE AT 3000 2P,65700.0,74700.0,,,,,,,,,,,,,,,
BMW 330i E92 COUPE,LIVIANO PASAJEROS,SEDAN,AUTOMOVIL,00833257,BMW 330i E92 COUPE MT 3000CC,,72700.0,,,,,,,,,,,,,,,
BMW 330i E93 CABRIOLET,LIVIANO PASAJEROS,DESCAPOTABLES,AUTOMOVIL,00831027,BMW 330i E93 CABRIOLET TP 3000CC,58300.0,64200.0,70700.0,,,,,,,,,,,,,,
BMW 330i F30 LCI Luxury Line,LIVIANO PASAJEROS,SEDAN,AUTOMOVIL,00833232,BMW 330i F30 LCI Luxury Line TP 2000CC T CT,,,,,,,91000.0,98000.0,,,,,,,,,
BMW 330i F30 LCI Sportline,LIVIANO PASAJEROS,SEDAN,AUTOMOVIL,00833238,BMW 330i F30 LCI Sportline TP 2000CC T CT,,,,,,,,98600.0,,,,,,,,,
BMW 330i G20 Edicion M,LIVIANO PASAJEROS,SEDAN,AUTOMOVIL,00833261,BMW 330i G20 Edicion M TP 2000CC T CT R19,,,,,,,,,,105700.0,119100.0,132500.0,142900.0,,,,
BMW 330i G20 Sportline,LIVIANO PASAJEROS,SEDAN,AUTOMOVIL,00833252,BMW 330i G20 Sportline TP 2000CC T CT,,,,,,,,,,130800.0,133300.0,148000.0,155900.0,183700.0,,,
BMW 330i G20 TOURING,LIVIANO PASAJEROS,HATCHBACK,AUTOMOVIL,00832064,BMW 330i G20 TOURING AT 2000CC T,,,,,,,,,,,,,,169900.0,,,
BMW 330i G21 TOURING EDICION M,LIVIANO PASAJEROS,HATCHBACK,AUTOMOVIL,00832065,BMW 330i G21 TOURING EDICION M TP 2000CC T CT,,,,,,,,,,,,,190900.0,220700.0,,,
BMW 330i G21 Touring Edición M,LIVIANO PASAJEROS,STATION WAGON,AUTOMOVIL,00834015,BMW 330i G21 Touring Edición M TP 2000CC T CT,,,,,,,,,,,,,146700.0,,,,
BMW 330Xi E46,LIVIANO PASAJEROS,SEDAN,AUTOMOVIL,00833102,BMW 330Xi E46 TP 3000CC,,,,,,,,,,,,,,,,,
BMW 335i E90,LIVIANO PASAJEROS,SEDAN,AUTOMOVIL,00833098,BMW 335i E90 TP 3000CC T,,,,,,,,,,,,,,,,,
BMW 335i E90 LCI LUXURY,LIVIANO PASAJEROS,SEDAN,AUTOMOVIL,00833183,BMW 335i E90 LCI LUXURY TP 3000CC T CT TC,58900.0,64900.0,71500.0,,,,,,,,,,,,,,
BMW 335i E92 COUPE,LIVIANO PASAJEROS,SEDAN,AUTOMOVIL,00833124,BMW 335i E92 COUPE TP 3000CC T 2P,65700.0,,,,,,,,,,,,,,,,
BMW 335i E92 LCI COUPE,LIVIANO PASAJEROS,SEDAN,AUTOMOVIL,00833200,BMW 335i E92 LCI COUPE TP 3000CC T 2P,83700.0,85900.0,92000.0,101600.0,,,,,,,,,,,,,
BMW 335i E93 CABRIOLET,LIVIANO PASAJEROS,DESCAPOTABLES,AUTOMOVIL,00831023,BMW 335i E93 CABRIOLET TP 3000CC T,68800.0,81700.0,,,,,,,,,,,,,,,
BMW 335i F30 Sportline,LIVIANO PASAJEROS,SEDAN,AUTOMOVIL,00833204,BMW 335i F30 Sportline TP 3000CC T CT TC,,,83200.0,88300.0,91700.0,105100.0,,,,,,,,,,,
BMW 340i F30 LCI M Edition,LIVIANO PASAJEROS,SEDAN,AUTOMOVIL,00833233,BMW 340i F30 LCI M Edition TP 3000CC T CT,,,,,,,87900.0,106800.0,135700.0,,,,,,,,
BMW 340i F30 LCI Sportline,LIVIANO PASAJEROS,SEDAN,AUTOMOVIL,00833249,BMW 340i F30 LCI Sportline TP 3000CC T CT,,,,,,,,,125400.0,,,,,,,,
BMW 418i F36 Gran Coupe Premium,LIVIANO PASAJEROS,HATCHBACK,AUTOMOVIL,00832057,BMW 418i F36 Gran Coupe Premium TP 1500CC T CT,,,,,,,,,,,122100.0,,,,,,
BMW 420i F32 Coupe Sportline,LIVIANO PASAJEROS,SEDAN,AUTOMOVIL,00833221,BMW 420i F32 Coupe Sportline TP 2000CC T,,,,,80600.0,87300.0,98500.0,107100.0,114500.0,,,,,,,,
BMW 420i F33 Cabriolet Executive,LIVIANO PASAJEROS,DESCAPOTABLES,AUTOMOVIL,00831043,BMW 420i F33 Cabriolet Executive TP 2000CC T,,,,,,93300.0,102800.0,113200.0,124700.0,,,,,,,,
BMW 420i F33 Cabriolet Sportline,LIVIANO PASAJEROS,DESCAPOTABLES,AUTOMOVIL,00831054,BMW 420i F33 Cabriolet Sportline TP 2000CC T,,,,,,,,,,125800.0,138600.0,,,,,,
BMW 420i F36 Gran Coupe M,LIVIANO PASAJEROS,HATCHBACK,AUTOMOVIL,00832037,BMW 420i F36 Gran Coupe M TP 2000CC T CT,,,,,,73400.0,80900.0,89100.0,98100.0,108000.0,119000.0,,,,,,
BMW 420i G23 Cabriolet Edicion M,LIVIANO PASAJEROS,DESCAPOTABLES,AUTOMOVIL,00831062,BMW 420i G23 Cabriolet Edicion M TP 2000CC T,,,,,,,,,,,,,,,275900.0,263100.0,278900.0
BMW 420i G23 Cabriolet Premium,LIVIANO PASAJEROS,DESCAPOTABLES,AUTOMOVIL,00831059,BMW 420i G23 Cabriolet Premium TP 2000CC T,,,,,,,,,,,,,161400.0,177800.0,195800.0,,
BMW 420i G26 Gran Coupe Edición M,LIVIANO PASAJEROS,HATCHBACK,AUTOMOVIL,00832062,BMW 420i G26 Gran Coupe Edición M TP 2000CC T CT,,,,,,,,,,,,,150700.0,166000.0,182800.0,,
BMW 420i G26 Gran Coupe Edición M,LIVIANO PASAJEROS,SEDAN,AUTOMOVIL,00833295,BMW 420i G26 Gran Coupe Edición M TP 2000CC T TC,,,,,,,,,,,,,,,216100.0,,
BMW 420i G26 GRAN COUPE PREMIUN,LIVIANO PASAJEROS,SEDAN,AUTOMOVIL,00833286,BMW 420i G26 GRAN COUPE PREMIUN TP 2000CC T CT,,,,,,,,,,,,,,,225300.0,,
BMW 420i G26 Gran Coupe Sport,LIVIANO PASAJEROS,HATCHBACK,AUTOMOVIL,00832068,BMW 420i G26 Gran Coupe Sport TP 2000CC T CT,,,,,,,,,,,,,,,,204900.0,237400.0
BMW 428i F32 COUPE Sportline,LIVIANO PASAJEROS,SEDAN,AUTOMOVIL,00833219,BMW 428i F32 COUPE Sportline TP 2000CC T,,,,,88300.0,97200.0,,,,,,,,,,,
BMW 428i F33 Cabriolet luxury line,LIVIANO PASAJEROS,DESCAPOTABLES,AUTOMOVIL,00831042,BMW 428i F33 Cabriolet luxury line TP 2000CC T,,,,,88900.0,97900.0,107800.0,,,,,,,,,,
BMW 428i F36 Gran Coupe M,LIVIANO PASAJEROS,HATCHBACK,AUTOMOVIL,00832041,BMW 428i F36 Gran Coupe M TP 2000CC T,,,,,,85200.0,,,,,,,,,,,
BMW 430i F32 Coupe,LIVIANO PASAJEROS,SEDAN,AUTOMOVIL,00833248,BMW 430i F32 Coupe MT 2000CC T,,,,,,,,,146700.0,,,,,,,,
BMW 430i F33 Cabriolet Executive,LIVIANO PASAJEROS,DESCAPOTABLES,AUTOMOVIL,00831052,BMW 430i F33 Cabriolet Executive TP 2000CC T,,,,,,,,125700.0,,,,,,,,,
BMW 430i F36 Gran Coupe M,LIVIANO PASAJEROS,HATCHBACK,AUTOMOVIL,00832047,BMW 430i F36 Gran Coupe M TP 2000CC T CT,,,,,,,,109000.0,,,,,,,,,
BMW 430i G22 Coupe Edición M,LIVIANO PASAJEROS,SEDAN,AUTOMOVIL,00833264,BMW 430i G22 Coupe Edición M TP 2000CC T CT R19,,,,,,,,,,,,138600.0,178300.0,194200.0,,,232400.0
BMW 430i G22 COUPE PREMIUM,LIVIANO PASAJEROS,SEDAN,AUTOMOVIL,00833288,BMW 430i G22 COUPE PREMIUM TP 2000CC T CT R18,,,,,,,,,,,,,,,220700.0,223100.0,232400.0
BMW 430i G23 Cabriolet Premium,LIVIANO PASAJEROS,DESCAPOTABLES,AUTOMOVIL,00831060,BMW 430i G23 Cabriolet Premium TP 2000CC T TC,,,,,,,,,,,,,194400.0,,,,
BMW 430i G26 Gran Coupe Edición M,LIVIANO PASAJEROS,HATCHBACK,AUTOMOVIL,00832063,BMW 430i G26 Gran Coupe Edición M TP 2000CC T CT,,,,,,,,,,,,,187100.0,207300.0,,,
BMW 435i F32 COUPE M sport,LIVIANO PASAJEROS,SEDAN,AUTOMOVIL,00833220,BMW 435i F32 COUPE M sport TP 3000CC T CT,,,,,120000.0,120800.0,,,,,,,,,,,
BMW 435i F33 Cabriolet M,LIVIANO PASAJEROS,DESCAPOTABLES,AUTOMOVIL,00831046,BMW 435i F33 Cabriolet M TP 3000CC T,,,,,,132600.0,,,,,,,,,,,
BMW 435i F36 Gran Coupe M,LIVIANO PASAJEROS,HATCHBACK,AUTOMOVIL,00832046,BMW 435i F36 Gran Coupe M TP 3000CC T CT,,,,,,,117300.0,,,,,,,,,,
BMW 440i F32 COUPE M Sport,LIVIANO PASAJEROS,SEDAN,AUTOMOVIL,00833242,BMW 440i F32 COUPE M Sport TP 3000CC T CT,,,,,,,,,175900.0,,,,,,,,
BMW 440i F33 Cabriolet M,LIVIANO PASAJEROS,DESCAPOTABLES,AUTOMOVIL,00831051,BMW 440i F33 Cabriolet M TP 3000CC T,,,,,,,,192500.0,,,,,,,,,
BMW 518 E28,LIVIANO PASAJEROS,SEDAN,AUTOMOVIL,00833013,BMW 518 E28 MT 1800CC 4P,,,,,,,,,,,,,,,,,
BMW 518i E34,LIVIANO PASAJEROS,SEDAN,AUTOMOVIL,00833025,BMW 518i E34 MT 1800CC 4P,,,,,,,,,,,,,,,,,
BMW 520 E12,LIVIANO PASAJEROS,SEDAN,AUTOMOVIL,00833007,BMW 520 E12 MT 2000CC 4P,,,,,,,,,,,,,,,,,
BMW 520d F10,LIVIANO PASAJEROS,SEDAN,AUTOMOVIL,00833181,BMW 520d F10 MT 2000CC TD,,59100.0,62700.0,68400.0,,,,,,,,,,,,,
BMW 520d F10 Executive,LIVIANO PASAJEROS,SEDAN,AUTOMOVIL,00833190,BMW 520d F10 Executive TP 2000CC TD,,57900.0,63800.0,70200.0,77400.0,85200.0,93800.0,,,,,,,,,,
BMW 520i E28,LIVIANO PASAJEROS,SEDAN,AUTOMOVIL,00833160,BMW 520i E28 AT 2000CC 4P,,,,,,,,,,,,,,,,,
BMW 520i E28,LIVIANO PASAJEROS,SEDAN,AUTOMOVIL,00833205,BMW 520i E28 MT 2000CC 4P,,,,,,,,,,,,,,,,,
BMW 520i E34,LIVIANO PASAJEROS,SEDAN,AUTOMOVIL,00833008,BMW 520i E34 MT 2000CC 4P,,,,,,,,,,,,,,,,,
BMW 520i E39,LIVIANO PASAJEROS,SEDAN,AUTOMOVIL,00833195,BMW 520i E39 MT 2000CC,,,,,,,,,,,,,,,,,
BMW 520i E39,LIVIANO PASAJEROS,SEDAN,AUTOMOVIL,00833091,BMW 520i E39 MT 2200CC 4P,,,,,,,,,,,,,,,,,
BMW 520i EDICION M,LIVIANO PASAJEROS,SEDAN,AUTOMOVIL,00833293,BMW 520i EDICION M TP 2000CC 4P,,,,,,,,,,,,,,,213700.0,235300.0,260300.0
BMW 520i F10,LIVIANO PASAJEROS,SEDAN,AUTOMOVIL,00833192,BMW 520i F10 TP 2000CC,,,58100.0,62000.0,63800.0,77100.0,80900.0,,,,,,,,,,
BMW 520i G30,LIVIANO PASAJEROS,SEDAN,AUTOMOVIL,00833245,BMW 520i G30 TP 2000CC T,,,,,,,,,97000.0,106900.0,117700.0,,,,,,
BMW 523i F10,LIVIANO PASAJEROS,SEDAN,AUTOMOVIL,00833172,BMW 523i F10 TP 2500CC CT,51800.0,57100.0,62800.0,,,,,,,,,,,,,,
BMW 523i F10 Executive,LIVIANO PASAJEROS,SEDAN,AUTOMOVIL,00833170,BMW 523i F10 Executive TP 2500CC TC CT,58100.0,70400.0,73200.0,,,,,,,,,,,,,,
BMW 523iA E39,LIVIANO PASAJEROS,SEDAN,AUTOMOVIL,00833042,BMW 523iA E39 AT 2500CC,,,,,,,,,,,,,,,,,
BMW 523iA E39,LIVIANO PASAJEROS,SEDAN,AUTOMOVIL,00833045,BMW 523iA E39 MT 2500CC,,,,,,,,,,,,,,,,,
BMW 525 E12,LIVIANO PASAJEROS,SEDAN,AUTOMOVIL,00833121,BMW 525 E12 MT 2500CC 4P,,,,,,,,,,,,,,,,,
BMW 525i E28,LIVIANO PASAJEROS,SEDAN,AUTOMOVIL,00833142,BMW 525i E28 MT 2500CC 4P,,,,,,,,,,,,,,,,,
BMW 525i E34,LIVIANO PASAJEROS,SEDAN,AUTOMOVIL,00833026,BMW 525i E34 AT 2500CC 4P,,,,,,,,,,,,,,,,,
BMW 525i E34,LIVIANO PASAJEROS,SEDAN,AUTOMOVIL,00833009,BMW 525i E34 MT 2500CC 4P,,,,,,,,,,,,,,,,,
BMW 525i E34 TOURING,LIVIANO PASAJEROS,STATION WAGON,CAMIONETA PASAJ.,00834002,BMW 525i E34 TOURING AT 2500CC SW,,,,,,,,,,,,,,,,,
BMW 525i E34 TOURING,LIVIANO PASAJEROS,STATION WAGON,CAMIONETA PASAJ.,00834012,BMW 525i E34 TOURING MT 2500CC SW,,,,,,,,,,,,,,,,,
BMW 525i E39,LIVIANO PASAJEROS,SEDAN,AUTOMOVIL,00833074,BMW 525i E39 MT 2500CC,,,,,,,,,,,,,,,,,
BMW 525i E60,LIVIANO PASAJEROS,SEDAN,AUTOMOVIL,00833099,BMW 525i E60 MT 2500CC,,,,,,,,,,,,,,,,,
BMW 525i E60,LIVIANO PASAJEROS,SEDAN,AUTOMOVIL,00833100,BMW 525i E60 TP 2500CC,42200.0,46500.0,,,,,,,,,,,,,,,
BMW 525Xi E60,LIVIANO PASAJEROS,SEDAN,AUTOMOVIL,00833075,BMW 525Xi E60 MT 2500CC,,,,,,,,,,,,,,,,,
BMW 528 E12,LIVIANO PASAJEROS,SEDAN,AUTOMOVIL,00833129,BMW 528 E12 MT 2800CC 4P,,,,,,,,,,,,,,,,,
BMW 528i E12,LIVIANO PASAJEROS,SEDAN,AUTOMOVIL,00833159,BMW 528i E12 MT 2800CC 4P,,,,,,,,,,,,,,,,,
BMW 528i E28,LIVIANO PASAJEROS,SEDAN,AUTOMOVIL,00833147,BMW 528i E28 AT 2800CC 4P,,,,,,,,,,,,,,,,,
BMW 528i E28,LIVIANO PASAJEROS,SEDAN,AUTOMOVIL,00833141,BMW 528i E28 MT 2800CC 4P,,,,,,,,,,,,,,,,,
BMW 528i E39,LIVIANO PASAJEROS,SEDAN,AUTOMOVIL,00833010,BMW 528i E39 MT 2800CC 4P,,,,,,,,,,,,,,,,,
BMW 528i E60,LIVIANO PASAJEROS,SEDAN,AUTOMOVIL,00833109,BMW 528i E60 TP 3000CC 4P,,,,,,,,,,,,,,,,,
BMW 528i F10,LIVIANO PASAJEROS,SEDAN,AUTOMOVIL,00833207,BMW 528i F10 TP 2000CC T,,,55900.0,61600.0,67800.0,74700.0,82200.0,,,,,,,,,,
BMW 528i F10,LIVIANO PASAJEROS,SEDAN,AUTOMOVIL,00833176,BMW 528i F10 TP 3000CC,,67400.0,76100.0,,,,,,,,,,,,,,
BMW 528i F10 Executive,LIVIANO PASAJEROS,SEDAN,AUTOMOVIL,00833177,BMW 528i F10 Executive TP 3000CC,,67000.0,74300.0,,,,,,,,,,,,,,
BMW 528iA E39,LIVIANO PASAJEROS,SEDAN,AUTOMOVIL,00833038,BMW 528iA E39 AT 2800CC 4P,,,,,,,,,,,,,,,,,
BMW 528iA E39 TOURING,LIVIANO PASAJEROS,STATION WAGON,CAMIONETA PASAJ.,00834007,BMW 528iA E39 TOURING AT 2800CC SW,,,,,,,,,,,,,,,,,
BMW 530d F10,LIVIANO PASAJEROS,SEDAN,AUTOMOVIL,00833182,BMW 530d F10 TP 3000CC TD,53000.0,58600.0,64800.0,,,,,,,,,,,,,,
BMW 530e G30 EDITION M,LIVIANO PASAJEROS,SEDAN,AUTOMOVIL,00833285,BMW 530e G30 EDITION M TP 2000CC 8AB CT,,,,,,,,,,,,,,275900.0,,,
BMW 530e G30 Premium,LIVIANO PASAJEROS,SEDAN,AUTOMOVIL,00833244,BMW 530e G30 Premium TP 2000CC 8AB CT CR R18,,,,,,,,,130100.0,143700.0,,,193300.0,213400.0,,,
BMW 530i E34,LIVIANO PASAJEROS,SEDAN,AUTOMOVIL,00833020,BMW 530i E34 AT 3000CC 4P,,,,,,,,,,,,,,,,,
BMW 530i E34,LIVIANO PASAJEROS,SEDAN,AUTOMOVIL,00833138,BMW 530i E34 AT 3000CC V8 4P,,,,,,,,,,,,,,,,,
BMW 530i E34,LIVIANO PASAJEROS,SEDAN,AUTOMOVIL,00833136,BMW 530i E34 MT 3000CC V8 4P,,,,,,,,,,,,,,,,,
BMW 530i E34 TOURING,LIVIANO PASAJEROS,STATION WAGON,CAMIONETA PASAJ.,00834011,BMW 530i E34 TOURING AT 3000CC V8 SW,,,,,,,,,,,,,,,,,
BMW 530i E39,LIVIANO PASAJEROS,SEDAN,AUTOMOVIL,00833064,BMW 530i E39 AT 3000CC 4P,,,,,,,,,,,,,,,,,
BMW 530i E39,LIVIANO PASAJEROS,SEDAN,AUTOMOVIL,00833119,BMW 530i E39 MT 3000CC 4P,,,,,,,,,,,,,,,,,
BMW 530i E60,LIVIANO PASAJEROS,SEDAN,AUTOMOVIL,00833082,BMW 530i E60 AT 3000CC,,,,,,,,,,,,,,,,,
BMW 530i E60 M EDITION SPORT,LIVIANO PASAJEROS,SEDAN,AUTOMOVIL,00833158,BMW 530i E60 M EDITION SPORT TP 3000CC,55800.0,,,,,,,,,,,,,,,,
BMW 530i G30,LIVIANO PASAJEROS,SEDAN,AUTOMOVIL,00833240,BMW 530i G30 TP 2000CC T CT,,,,,,,,110200.0,118600.0,136600.0,144900.0,163100.0,179000.0,204400.0,,,
BMW 530i G30 Edicion Especial,LIVIANO PASAJEROS,SEDAN,AUTOMOVIL,00833243,BMW 530i G30 Edicion Especial TP 2000CC T CT TC R19,,,,,,,,187300.0,,,,,,,,,
BMW 530iA E39 TOURING,LIVIANO PASAJEROS,STATION WAGON,CAMIONETA PASAJ.,00834006,BMW 530iA E39 TOURING AT 3000CC,,,,,,,,,,,,,,,,,
BMW 535i E28,LIVIANO PASAJEROS,SEDAN,AUTOMOVIL,00833128,BMW 535i E28 MT 3500CC 4P,,,,,,,,,,,,,,,,,
BMW 535i E34,LIVIANO PASAJEROS,SEDAN,AUTOMOVIL,00833021,BMW 535i E34 AT 3500CC 4P,,,,,,,,,,,,,,,,,
BMW 535i E34,LIVIANO PASAJEROS,SEDAN,AUTOMOVIL,00833103,BMW 535i E34 MT 3500CC 4P,,,,,,,,,,,,,,,,,
BMW 535i F07 Gran Turismo,LIVIANO PASAJEROS,HATCHBACK,AUTOMOVIL,00832015,BMW 535i F07 Gran Turismo TP 3000CC T,,82300.0,83700.0,,,,,,,,,,,,,,
BMW 535i F10,LIVIANO PASAJEROS,SEDAN,AUTOMOVIL,00833186,BMW 535i F10 TP 3000CC T,,88100.0,97600.0,108200.0,119900.0,132900.0,147300.0,,,,,,,,,,
BMW 540i E34,LIVIANO PASAJEROS,SEDAN,AUTOMOVIL,00833001,BMW 540i E34 AT 4000CC V8 4P,,,,,,,,,,,,,,,,,
BMW 540i E34,LIVIANO PASAJEROS,SEDAN,AUTOMOVIL,00833116,BMW 540i E34 MT 4000CC V8 4P,,,,,,,,,,,,,,,,,
BMW 540i E39,LIVIANO PASAJEROS,SEDAN,AUTOMOVIL,00833040,BMW 540i E39 MT 4400CC V8 4P,,,,,,,,,,,,,,,,,
BMW 540i E39 TOURING,LIVIANO PASAJEROS,STATION WAGON,CAMIONETA PASAJ.,00834013,BMW 540i E39 TOURING AT 4400CC V8 SW,,,,,,,,,,,,,,,,,
BMW 540i G30,LIVIANO PASAJEROS,SEDAN,AUTOMOVIL,00833241,BMW 540i G30 TP 3000CC T CT TC,,,,,,,,,111900.0,,,,,,,,
BMW 540iA E39,LIVIANO PASAJEROS,SEDAN,AUTOMOVIL,00833039,BMW 540iA E39 AT 4400CC V8 4P,,,,,,,,,,,,,,,,,
BMW 540iA E39 PROTECTION,LIVIANO PASAJEROS,SEDAN,AUTOMOVIL,00833044,BMW 540iA E39 PROTECTION AT 4400CC V8 4P,,,,,,,,,,,,,,,,,
BMW 545i E60,LIVIANO PASAJEROS,SEDAN,AUTOMOVIL,00833061,BMW 545i E60 AT 4400CC V8 4P,,,,,,,,,,,,,,,,,
BMW 550i E60,LIVIANO PASAJEROS,SEDAN,AUTOMOVIL,00833079,BMW 550i E60 TP 4800CC V8 4P,85500.0,,,,,,,,,,,,,,,,
BMW 550i F07 Gran Turismo,LIVIANO PASAJEROS,HATCHBACK,AUTOMOVIL,00832020,BMW 550i F07 Gran Turismo TP 4400CC T V8,,126600.0,139900.0,,,,,,,,,,,,,,
BMW 550i F10,LIVIANO PASAJEROS,SEDAN,AUTOMOVIL,00833178,BMW 550i F10 TP 4400CC V8,,121900.0,134600.0,,,,,,,,,,,,,,
BMW 628CSi E24,LIVIANO PASAJEROS,SEDAN,AUTOMOVIL,00833011,BMW 628CSi E24 MT 2800CC 2P,,,,,,,,,,,,,,,,,
BMW 630i E63 COUPE,LIVIANO PASAJEROS,SEDAN,AUTOMOVIL,00833095,BMW 630i E63 COUPE AT 3000CC,80200.0,,,,,,,,,,,,,,,,
BMW 630i E64 CABRIOLET,LIVIANO PASAJEROS,DESCAPOTABLES,AUTOMOVIL,00831032,BMW 630i E64 CABRIOLET TP 3000CC,,,,,,,,,,,,,,,,,
BMW 635CSi E24,LIVIANO PASAJEROS,SEDAN,AUTOMOVIL,00833133,BMW 635CSi E24 MT 3400CC 2P,,,,,,,,,,,,,,,,,
BMW 640i F06 Gran Coupe,LIVIANO PASAJEROS,SEDAN,AUTOMOVIL,00833224,BMW 640i F06 Gran Coupe TP 3000CC T CT,,,,123700.0,139800.0,141100.0,,,,,,,,,,,
BMW 640i F12 CABRIOLET,LIVIANO PASAJEROS,DESCAPOTABLES,AUTOMOVIL,00831033,BMW 640i F12 CABRIOLET TP 3000CC T,,,121300.0,124100.0,,,,,,,,,,,,,
BMW 640i F13 COUPE,LIVIANO PASAJEROS,SEDAN,AUTOMOVIL,00833210,BMW 640i F13 COUPE TP 3000CC T,,,109000.0,,,,,,,,,,,,,,
BMW 645Ci E63 COUPE,LIVIANO PASAJEROS,SEDAN,AUTOMOVIL,00833080,BMW 645Ci E63 COUPE TP 4400CC V8,,,,,,,,,,,,,,,,,
BMW 650i E63 COUPE,LIVIANO PASAJEROS,SEDAN,AUTOMOVIL,00833087,BMW 650i E63 COUPE TP 4800CC V8,,,,,,,,,,,,,,,,,
BMW 650i E64 CABRIOLET,LIVIANO PASAJEROS,DESCAPOTABLES,AUTOMOVIL,00831011,BMW 650i E64 CABRIOLET TP 4800CC V8,,,,,,,,,,,,,,,,,
BMW 650i F12 CABRIOLET,LIVIANO PASAJEROS,DESCAPOTABLES,AUTOMOVIL,00831053,BMW 650i F12 CABRIOLET TP 4400CC T V8,,,175800.0,,,,,,,,,,,,,,
BMW 728i E23,LIVIANO PASAJEROS,SEDAN,AUTOMOVIL,00833145,BMW 728i E23 MT 2800CC,,,,,,,,,,,,,,,,,
BMW 730 E23,LIVIANO PASAJEROS,SEDAN,AUTOMOVIL,00833127,BMW 730 E23 MT 3000CC 4P,,,,,,,,,,,,,,,,,
BMW 730d F01,LIVIANO PASAJEROS,SEDAN,AUTOMOVIL,00833184,BMW 730d F01 TP 3000CC TD,,,135500.0,,,,,,,,,,,,,,
BMW 730d G11,LIVIANO PASAJEROS,SEDAN,AUTOMOVIL,00833268,BMW 730d G11 TP 3000CC TD CT TC,,,,,,,189900.0,,,,,,,,,,
BMW 730i E32,LIVIANO PASAJEROS,SEDAN,AUTOMOVIL,00833031,BMW 730i E32 AT 3000CC 4P,,,,,,,,,,,,,,,,,
BMW 730i E32,LIVIANO PASAJEROS,SEDAN,AUTOMOVIL,00833132,BMW 730i E32 MT 3000CC 4P,,,,,,,,,,,,,,,,,
BMW 730i E38,LIVIANO PASAJEROS,SEDAN,AUTOMOVIL,00833143,BMW 730i E38 MT 3000CC V8 4P,,,,,,,,,,,,,,,,,
BMW 730i F01,LIVIANO PASAJEROS,SEDAN,AUTOMOVIL,00833191,BMW 730i F01 TP 3000CC T,,,98500.0,102700.0,107400.0,,,,,,,,,,,,
BMW 730iAL E38,LIVIANO PASAJEROS,SEDAN,AUTOMOVIL,00833053,BMW 730iAL E38 AT 3000CC V8 4P,,,,,,,,,,,,,,,,,
BMW 733i E23,LIVIANO PASAJEROS,SEDAN,AUTOMOVIL,00833111,BMW 733i E23 MT 3200CC 4P,,,,,,,,,,,,,,,,,
BMW 735i E23,LIVIANO PASAJEROS,SEDAN,AUTOMOVIL,00833135,BMW 735i E23 AT 3500CC 4P,,,,,,,,,,,,,,,,,
BMW 735i E32,LIVIANO PASAJEROS,SEDAN,AUTOMOVIL,00833139,BMW 735i E32 AT 3500CC 4P,,,,,,,,,,,,,,,,,
BMW 735i E32,LIVIANO PASAJEROS,SEDAN,AUTOMOVIL,00833090,BMW 735i E32 MT 3500CC 4P,,,,,,,,,,,,,,,,,
BMW 735i E38,LIVIANO PASAJEROS,SEDAN,AUTOMOVIL,00833012,BMW 735i E38 AT 3500CC V8 4P,,,,,,,,,,,,,,,,,
BMW 735iL E32,LIVIANO PASAJEROS,SEDAN,AUTOMOVIL,00833049,BMW 735iL E32 MT 3500CC 4P,,,,,,,,,,,,,,,,,
BMW 740i E32,LIVIANO PASAJEROS,SEDAN,AUTOMOVIL,00833140,BMW 740i E32 AT 4000CC V8 4P,,,,,,,,,,,,,,,,,
BMW 740i E38,LIVIANO PASAJEROS,SEDAN,AUTOMOVIL,00833003,BMW 740i E38 AT 4400CC V8 4P,,,,,,,,,,,,,,,,,
BMW 740i E65,LIVIANO PASAJEROS,SEDAN,AUTOMOVIL,00833115,BMW 740i E65 TP 4000CC V8 4P,,,,,,,,,,,,,,,,,
BMW 740i F01,LIVIANO PASAJEROS,SEDAN,AUTOMOVIL,00833155,BMW 740i F01 TP 3000CC T,104300.0,108700.0,109200.0,118200.0,131400.0,,,,,,,,,,,,
BMW 740i G11,LIVIANO PASAJEROS,SEDAN,AUTOMOVIL,00833246,BMW 740i G11 TP 3000CC T CT TC,,,,,,,,209500.0,231500.0,255900.0,282900.0,,,,,,
BMW 740i G70 LUXURY,LIVIANO PASAJEROS,SEDAN,AUTOMOVIL,00833291,BMW 740i G70 LUXURY TP 3000CC T 4P,,,,,,,,,,,,,,434000.0,,526400.0,
BMW 740iL E32,LIVIANO PASAJEROS,SEDAN,AUTOMOVIL,00833105,BMW 740iL E32 AT 4000CC V8 4P,,,,,,,,,,,,,,,,,
BMW 740iL E38,LIVIANO PASAJEROS,SEDAN,AUTOMOVIL,00833096,BMW 740iL E38 AT 4400CC V8 4P,,,,,,,,,,,,,,,,,
BMW 745e G11,LIVIANO PASAJEROS,SEDAN,AUTOMOVIL,00833258,BMW 745e G11 TP 3000CC T CT TC,,,,,,,,,,,297900.0,331300.0,381200.0,,,,
BMW 745i E65,LIVIANO PASAJEROS,SEDAN,AUTOMOVIL,00833072,BMW 745i E65 TP 4400CC V8 4P,,,,,,,,,,,,,,,,,
BMW 750i E65,LIVIANO PASAJEROS,SEDAN,AUTOMOVIL,00833081,BMW 750i E65 TP 4800CC V8 4P,,,,,,,,,,,,,,,,,
BMW 750i F01,LIVIANO PASAJEROS,SEDAN,AUTOMOVIL,00833174,BMW 750i F01 TP 4400CC V8 4P,,132400.0,,,,,,,,,,,,,,,
BMW 750i G11,LIVIANO PASAJEROS,SEDAN,AUTOMOVIL,00833250,BMW 750i G11 TP 4400CC T V8 CT TC,,,,,,,,258200.0,287200.0,,,,,,,,
BMW 750iL E38,LIVIANO PASAJEROS,SEDAN,AUTOMOVIL,00833027,BMW 750iL E38 AT 5400CC V12 4P,,,,,,,,,,,,,,,,,
BMW 750Li F02,LIVIANO PASAJEROS,SEDAN,AUTOMOVIL,00833148,BMW 750Li F02 TP 4400CC V8 4P,123400.0,126400.0,127000.0,128800.0,,,,,,,,,,,,,
BMW 760Li E66,LIVIANO PASAJEROS,SEDAN,AUTOMOVIL,00833198,BMW 760Li E66 TP 6000CC V12 4P,,,,,,,,,,,,,,,,,
BMW 760Li E67 HIGH SECURITY,LIVIANO PASAJEROS,SEDAN,AUTOMOVIL,00833092,BMW 760Li E67 HIGH SECURITY TP 6000CC V12 4P,,,,,,,,,,,,,,,,,
BMW 850Ci E31 COUPE,LIVIANO PASAJEROS,SEDAN,AUTOMOVIL,00833032,BMW 850Ci E31 COUPE MT 5000CC V12 2P,,,,,,,,,,,,,,,,,
BMW i3 ATELIER,LIVIANO PASAJEROS,HATCHBACK,AUTOMOVIL,00832066,BMW i3 ATELIER AT 125KW ELECTRICO CT,,,,,,,,,,,,,125100.0,,,,
BMW i3 LOFT,LIVIANO PASAJEROS,HATCHBACK,AUTOMOVIL,00832040,BMW i3 LOFT AT 125KW ELECTRICO,,,,,85500.0,87500.0,89600.0,92000.0,94700.0,97600.0,100800.0,,,,,,
BMW i3 SUITE,LIVIANO PASAJEROS,HATCHBACK,AUTOMOVIL,00832054,BMW i3 SUITE AT 125KW ELECTRICO CT TC,,,,,,,,86300.0,91800.0,97600.0,103800.0,,,,,,
BMW i3s [I01] LCI ATELIER,LIVIANO PASAJEROS,HATCHBACK,AUTOMOVIL,00832056,BMW i3s [I01] LCI ATELIER AT 135KW ELECTRICO CT,,,,,,,,,,,156800.0,161500.0,173700.0,,,,
BMW i4 eDrive 40 M,LIVIANO PASAJEROS,SEDAN,AUTOMOVIL,00833284,BMW i4 eDrive 40 M TP 250KW CT 4X2,,,,,,,,,,,,,,363300.0,321900.0,311500.0,325400.0
BMW i5 eDrive40 M Sport,LIVIANO PASAJEROS,SEDAN,AUTOMOVIL,00833292,BMW i5 eDrive40 M Sport TP 250KW CT,,,,,,,,,,,,,,,311500.0,296600.0,344000.0
BMW i7 M70 xDrive Individual,LIVIANO PASAJEROS,SEDAN,AUTOMOVIL,00833296,BMW i7 M70 xDrive Individual AT 491KW 6AB,,,,,,,,,,,,,,,,743900.0,743900.0
BMW i8 I12,LIVIANO PASAJEROS,HATCHBACK,AUTOMOVIL,00832053,BMW i8 I12 TP 1500CC T,,,,,,,,379400.0,,494000.0,,,,,,,
BMW iX I20 xDrive60 M Sport,LIVIANO PASAJEROS,UTILITARIO DEPORTIVO 4X4,CAMIONETA PASAJ.,00836112,BMW iX I20 xDrive60 M Sport AT 405KW 4X4,,,,,,,,,,,,,,,,,464900.0
BMW iX xDrive45 M Sport,LIVIANO PASAJEROS,UTILITARIO DEPORTIVO 4X4,CAMIONETA PASAJ.,00836111,BMW iX xDrive45 M Sport AT 304KW 4X4,,,,,,,,,,,,,,,,,413800.0
BMW iX xDrive50 ATELIER,LIVIANO PASAJEROS,UTILITARIO DEPORTIVO 4X4,CAMIONETA PASAJ.,00836093,BMW iX xDrive50 ATELIER TP 385KW 4X4,,,,,,,,,,,,,,,467000.0,502100.0,
BMW iX [I20] xDrive40 M Sport Atelier,LIVIANO PASAJEROS,UTILITARIO DEPORTIVO 4X4,CAMIONETA PASAJ.,00836089,BMW iX [I20] xDrive40 M Sport Atelier AT 242KW ELEC,,,,,,,,,,,,,,358600.0,362900.0,365400.0,
BMW iX [I20] xDrive40 M Sport Suit,LIVIANO PASAJEROS,UTILITARIO DEPORTIVO 4X4,CAMIONETA PASAJ.,00836086,BMW iX [I20] xDrive40 M Sport Suit AT 242KW CT,,,,,,,,,,,,,303000.0,347200.0,353500.0,354900.0,
BMW iX1 eDrive20 Edicion M,LIVIANO PASAJEROS,STATION WAGON,CAMIONETA PASAJ.,00834026,BMW iX1 eDrive20 Edicion M TP 152KW CT,,,,,,,,,,,,,,,229300.0,241700.0,239800.0
BMW iX1 eDrive20 xLine,LIVIANO PASAJEROS,UTILITARIO DEPORTIVO 4X2,CAMIONETA PASAJ.,00835015,BMW iX1 eDrive20 xLine TP 152KW CT,,,,,,,,,,,,,,,229900.0,232400.0,230500.0
BMW iX1 xDrive30 Edicion M,LIVIANO PASAJEROS,UTILITARIO DEPORTIVO 4X4,CAMIONETA PASAJ.,00836103,BMW iX1 xDrive30 Edicion M TP 233KW CT,,,,,,,,,,,,,,,241200.0,252100.0,278900.0
BMW iX1 xDrive30 xLine,LIVIANO PASAJEROS,UTILITARIO DEPORTIVO 4X4,CAMIONETA PASAJ.,00836091,BMW iX1 xDrive30 xLine AT  230KW  CT,,,,,,,,,,,,,,213000.0,223900.0,232700.0,251000.0
BMW iX2 xDive30  M,LIVIANO PASAJEROS,UTILITARIO DEPORTIVO 4X4,CAMIONETA PASAJ.,00836097,BMW iX2 xDive30  M TP 233KW 4X4,,,,,,,,,,,,,,,285100.0,270700.0,265000.0
BMW iX3 IMPRESSIVE M,LIVIANO PASAJEROS,UTILITARIO DEPORTIVO 4X2,CAMIONETA PASAJ.,00835011,BMW iX3 IMPRESSIVE M TP 213KW 4X2,,,,,,,,,,,,,225300.0,240200.0,255500.0,268800.0,
BMW iX3 INSPIRING M,LIVIANO PASAJEROS,UTILITARIO DEPORTIVO 4X2,CAMIONETA PASAJ.,00835010,BMW iX3 INSPIRING M TP 213KW 4X2,,,,,,,,,,,,,222100.0,236300.0,251400.0,267400.0,
BMW iX3 [G08] M SPORT,LIVIANO PASAJEROS,UTILITARIO DEPORTIVO 4X2,CAMIONETA PASAJ.,00835012,BMW iX3 [G08] M SPORT AT 74KW ELECTRICO,,,,,,,,,,,,,232800.0,245100.0,258000.0,,
BMW M E82 COUPE Premium,LIVIANO PASAJEROS,SEDAN,AUTOMOVIL,00833185,BMW M E82 COUPE Premium MT 3000CC T,,120900.0,130200.0,,,,,,,,,,,,,,
BMW M135 F70 xDrive,LIVIANO PASAJEROS,HATCHBACK,AUTOMOVIL,00832069,BMW M135 F70 xDrive TP 2000CC T,,,,,,,,,,,,,,,,234200.0,
BMW M135i F20,LIVIANO PASAJEROS,HATCHBACK,AUTOMOVIL,00832033,BMW M135i F20 MT 3000CC T CT 5P,,,,76200.0,83900.0,,,,,,,,,,,,
BMW M135i F20,LIVIANO PASAJEROS,HATCHBACK,AUTOMOVIL,00832035,BMW M135i F20 TP 3000CC T CT 5P,,,,69700.0,76700.0,84500.0,93100.0,,,,,,,,,,
BMW M135i F21,LIVIANO PASAJEROS,HATCHBACK,AUTOMOVIL,00832031,BMW M135i F21 TP 3000CC T 3P,,,,80400.0,81000.0,,,,,,,,,,,,
BMW M135i F21 xDrive,LIVIANO PASAJEROS,HATCHBACK,AUTOMOVIL,00832030,BMW M135i F21 xDrive TP 3000CC T 3P,,,,98400.0,,,,,,,,,,,,,
BMW M135i F40 xDrive,LIVIANO PASAJEROS,HATCHBACK,AUTOMOVIL,00832059,BMW M135i F40 xDrive TP 2000CC T CT,,,,,,,,,,,134200.0,147800.0,162800.0,179300.0,197400.0,,227800.0
BMW M140i F20 LCI,LIVIANO PASAJEROS,HATCHBACK,AUTOMOVIL,00832049,BMW M140i F20 LCI TP 3000CC T CT 5P,,,,,,,,112700.0,124400.0,137300.0,,,,,,,
BMW M2 F87 Competition,LIVIANO PASAJEROS,SEDAN,AUTOMOVIL,00833277,BMW M2 F87 Competition TP 3000CC T TC,,,,,,,,,,252800.0,279100.0,308100.0,,,,,
BMW M2 F87 Coupe,LIVIANO PASAJEROS,SEDAN,AUTOMOVIL,00833237,BMW M2 F87 Coupe TP 3000CC T CT TC,,,,,,,,206400.0,226500.0,235800.0,,,,,,,
BMW M2 F87 CS Coupe,LIVIANO PASAJEROS,SEDAN,AUTOMOVIL,00833266,BMW M2 F87 CS Coupe TP 3000CC T,,,,,,,,,,,,243900.0,,244100.0,,,
BMW M2 G87 COUPE,LIVIANO PASAJEROS,SEDAN,AUTOMOVIL,00833294,BMW M2 G87 COUPE TP 3000CC 6AB TC,,,,,,,,,,,,,,,423100.0,464900.0,520700.0
BMW M235i F22 Coupe,LIVIANO PASAJEROS,SEDAN,AUTOMOVIL,00833223,BMW M235i F22 Coupe TP 3000CC T,,,,,90900.0,100200.0,110300.0,121500.0,,,,,,,,,
BMW M235i F23 Cabriolet,LIVIANO PASAJEROS,DESCAPOTABLES,AUTOMOVIL,00831048,BMW M235i F23 Cabriolet TP 3000CC T,,,,,,,105900.0,116600.0,,,,,,,,,
BMW M235i F44 xDrive Gran Coupe,LIVIANO PASAJEROS,SEDAN,AUTOMOVIL,00833260,BMW M235i F44 xDrive Gran Coupe TP 2000CC T CT,,,,,,,,,,,135900.0,149700.0,164800.0,181500.0,199900.0,220200.0,240900.0
BMW M240i F22 Coupe,LIVIANO PASAJEROS,SEDAN,AUTOMOVIL,00833236,BMW M240i F22 Coupe TP 3000CC T CT,,,,,,,,124700.0,130400.0,145200.0,156900.0,194100.0,,275900.0,248300.0,,
BMW M240i F23 Cabriolet,LIVIANO PASAJEROS,DESCAPOTABLES,AUTOMOVIL,00831050,BMW M240i F23 Cabriolet TP 3000CC T,,,,,,,,145900.0,152700.0,168400.0,174700.0,200400.0,,,,,
BMW M240i G42  COUPE,LIVIANO PASAJEROS,SEDAN,AUTOMOVIL,00833282,BMW M240i G42  COUPE TP 3000CC T CT,,,,,,,,,,,,,,230500.0,223100.0,232400.0,251000.0
BMW M240i G42 xDrive Coupe,LIVIANO PASAJEROS,SEDAN,AUTOMOVIL,00833278,BMW M240i G42 xDrive Coupe TP 3000CC T CT,,,,,,,,,,,,,218800.0,211500.0,,234900.0,265000.0
BMW M3 E30 COUPE,LIVIANO PASAJEROS,SEDAN,AUTOMOVIL,00833048,BMW M3 E30 COUPE MT 2300CC 2P,,,,,,,,,,,,,,,,,
BMW M3 E36,LIVIANO PASAJEROS,SEDAN,AUTOMOVIL,00833229,BMW M3 E36 TP 3200CC 4P,,,,,,,,,,,,,,,,,
BMW M3 E36 COUPE,LIVIANO PASAJEROS,SEDAN,AUTOMOVIL,00833056,BMW M3 E36 COUPE AT 3000CC 2P,,,,,,,,,,,,,,,,,
BMW M3 E36 COUPE,LIVIANO PASAJEROS,SEDAN,AUTOMOVIL,00833122,BMW M3 E36 COUPE MT 3000CC 2P,,,,,,,,,,,,,,,,,
BMW M3 E36 COUPE,LIVIANO PASAJEROS,SEDAN,AUTOMOVIL,00833029,BMW M3 E36 COUPE MT 3200CC 2P,,,,,,,,,,,,,,,,,
BMW M3 E46 CABRIOLET,LIVIANO PASAJEROS,DESCAPOTABLES,AUTOMOVIL,00831007,BMW M3 E46 CABRIOLET AT 3250CC 2P,,,,,,,,,,,,,,,,,
BMW M3 E46 COUPE,LIVIANO PASAJEROS,SEDAN,AUTOMOVIL,00833068,BMW M3 E46 COUPE AT 3200CC 2P,,,,,,,,,,,,,,,,,
BMW M3 E46 COUPE,LIVIANO PASAJEROS,SEDAN,AUTOMOVIL,00833218,BMW M3 E46 COUPE MT 3200CC,,,,,,,,,,,,,,,,,
BMW M3 E90,LIVIANO PASAJEROS,SEDAN,AUTOMOVIL,00833188,BMW M3 E90 MT 4000CC V8 4P,,125400.0,133900.0,,,,,,,,,,,,,,
BMW M3 E90,LIVIANO PASAJEROS,SEDAN,AUTOMOVIL,00833152,BMW M3 E90 TP 4000CC V8 4P,110400.0,121800.0,134300.0,,,,,,,,,,,,,,
BMW M3 E92 COUPE,LIVIANO PASAJEROS,SEDAN,AUTOMOVIL,00833150,BMW M3 E92 COUPE MT 4000CC V8,144900.0,159900.0,176400.0,194500.0,,,,,,,,,,,,,
BMW M3 E92 COUPE,LIVIANO PASAJEROS,SEDAN,AUTOMOVIL,00833206,BMW M3 E92 COUPE TP 4000CC V8,139800.0,141400.0,143500.0,153000.0,,,,,,,,,,,,,
BMW M3 E93 CABRIOLET,LIVIANO PASAJEROS,DESCAPOTABLES,AUTOMOVIL,00831024,BMW M3 E93 CABRIOLET MT 4000CC V8,138000.0,152800.0,168500.0,186200.0,,,,,,,,,,,,,
BMW M3 E93 CABRIOLET,LIVIANO PASAJEROS,DESCAPOTABLES,AUTOMOVIL,00831040,BMW M3 E93 CABRIOLET TP 4000CC V8,133300.0,147000.0,162200.0,178900.0,,,,,,,,,,,,,
BMW M3 F80,LIVIANO PASAJEROS,SEDAN,AUTOMOVIL,00833230,BMW M3 F80 TP 3000CC T 4P,,,,,,182800.0,202200.0,223100.0,246400.0,,,,,,,,
BMW M3 G80 Competition,LIVIANO PASAJEROS,SEDAN,AUTOMOVIL,00833274,BMW M3 G80 Competition TP 3000CC T TC,,,,,,,,,,,,377100.0,416600.0,,,,
BMW M3 G80 COMPETITION M XDRIVE PRO,LIVIANO PASAJEROS,SEDAN,AUTOMOVIL,00833301,BMW M3 G80 COMPETITION M XDRIVE PRO TP 3000CC T 4X4,,,,,,,,,,,,,,,,626900.0,
BMW M3 G80 Competition Pro,LIVIANO PASAJEROS,SEDAN,AUTOMOVIL,00833269,BMW M3 G80 Competition Pro TP 3000CC T TC,,,,,,,,,,,,,424900.0,469400.0,518700.0,585800.0,613700.0
BMW M3 G80 CS,LIVIANO PASAJEROS,SEDAN,AUTOMOVIL,00833290,BMW M3 G80 CS TP 3000CC T,,,,,,,,,,,,,,,873900.0,,
BMW M340i G20 xDrive,LIVIANO PASAJEROS,SEDAN,AUTOMOVIL,00833256,BMW M340i G20 xDrive TP 3000CC T CT,,,,,,,,,,,151200.0,166600.0,183400.0,202000.0,222500.0,245000.0,260300.0
BMW M4 COMPETITION CABRIO M  XDRIVE,LIVIANO PASAJEROS,DESCAPOTABLES,AUTOMOVIL,00831061,BMW M4 COMPETITION CABRIO M  XDRIVE TP 3000CC T,,,,,,,,,,,,,,457700.0,505700.0,623000.0,650900.0
BMW M4 F82 COUPE,LIVIANO PASAJEROS,SEDAN,AUTOMOVIL,00833231,BMW M4 F82 COUPE TP 3000CC T,,,,,,175400.0,,,,,,,,,,,
BMW M4 F82 COUPE PERFORMANCE,LIVIANO PASAJEROS,SEDAN,AUTOMOVIL,00833226,BMW M4 F82 COUPE PERFORMANCE TP 3000CC T,,,,,,186300.0,205800.0,225900.0,251300.0,277600.0,304800.0,,,,,,
BMW M4 F83 CABRIOLET,LIVIANO PASAJEROS,DESCAPOTABLES,AUTOMOVIL,00831045,BMW M4 F83 CABRIOLET TP 3000CC T,,,,,,236100.0,258700.0,267700.0,270600.0,287900.0,294300.0,,,,,,
BMW M4 G82 Competition Coupe,LIVIANO PASAJEROS,SEDAN,AUTOMOVIL,00833273,BMW M4 G82 Competition Coupe TP 3000CC T,,,,,,,,,,,,,406100.0,448400.0,,,
BMW M4 G82 COMPETITION M XDRIVE COUPE PRO,LIVIANO PASAJEROS,SEDAN,AUTOMOVIL,00833299,BMW M4 G82 COMPETITION M XDRIVE COUPE PRO TP 3000CC T 4X4 TC,,,,,,,,,,,,,,,,623000.0,
BMW M4 G82 Competition Pro Coupe,LIVIANO PASAJEROS,SEDAN,AUTOMOVIL,00833270,BMW M4 G82 Competition Pro Coupe TP 3000CC T TC,,,,,,,,,,,,255200.0,,311500.0,611700.0,,632300.0
BMW M4 G82 CS COUPE,LIVIANO PASAJEROS,SEDAN,AUTOMOVIL,00833302,BMW M4 G82 CS COUPE TP 3000CC T 4X4,,,,,,,,,,,,,,,,759900.0,
BMW M4 G82 CSL COUPE,LIVIANO PASAJEROS,SEDAN,AUTOMOVIL,00833289,BMW M4 G82 CSL COUPE TP 3000CC T TC,,,,,,,,,,,,,,1104000.0,,,
BMW M440i G22 xDrive Coupe,LIVIANO PASAJEROS,SEDAN,AUTOMOVIL,00833262,BMW M440i G22 xDrive Coupe TP 3000CC T CT R19,,,,,,,,,,,,233900.0,235700.0,258300.0,284300.0,325400.0,353300.0
BMW M440i G23 xDrive Cabriolet,LIVIANO PASAJEROS,DESCAPOTABLES,AUTOMOVIL,00831058,BMW M440i G23 xDrive Cabriolet TP 3000CC T TC R19,,,,,,,,,,,,,280300.0,292200.0,336900.0,353300.0,381200.0
BMW M440i G26 xDrive Gran Coupe,LIVIANO PASAJEROS,SEDAN,AUTOMOVIL,00833279,BMW M440i G26 xDrive Gran Coupe TP 3000CC T TC R19,,,,,,,,,,,,,,260000.0,281600.0,334700.0,358000.0
BMW M5 E39,LIVIANO PASAJEROS,SEDAN,AUTOMOVIL,00833046,BMW M5 E39 AT 5000CC V8,,,,,,,,,,,,,,,,,
BMW M5 E39,LIVIANO PASAJEROS,SEDAN,AUTOMOVIL,00833089,BMW M5 E39 MT 5000CC V8,,,,,,,,,,,,,,,,,
BMW M5 E60,LIVIANO PASAJEROS,SEDAN,AUTOMOVIL,00833073,BMW M5 E60 TP 5000CC V10,173200.0,,,,,,,,,,,,,,,,
BMW M5 F10,LIVIANO PASAJEROS,SEDAN,AUTOMOVIL,00833203,BMW M5 F10 TP 4400CC T V8,,,197900.0,215900.0,231600.0,,,,,,,,,,,,
BMW M5 F90,LIVIANO PASAJEROS,SEDAN,AUTOMOVIL,00833251,BMW M5 F90 TP 4400CC T V8 CT TC,,,,,,,,,,292700.0,322800.0,,,539900.0,,,
BMW M5 [G90] COMPETITION,LIVIANO PASAJEROS,SEDAN,AUTOMOVIL,00833298,BMW M5 [G90] COMPETITION TP 4400CC T TC,,,,,,,,,,,,,,,,725300.0,
BMW M535i E28,LIVIANO PASAJEROS,SEDAN,AUTOMOVIL,00833149,BMW M535i E28 MT 3500CC 4P,,,,,,,,,,,,,,,,,
BMW M550i G30 xDrive,LIVIANO PASAJEROS,SEDAN,AUTOMOVIL,00833271,BMW M550i G30 xDrive TP 4400CC V8 T CT TC,,,,,,,,,,,,380000.0,,459900.0,,,
BMW M6 E64 CABRIOLET,LIVIANO PASAJEROS,DESCAPOTABLES,AUTOMOVIL,00831049,BMW M6 E64 CABRIOLET TP 5000CC V10,,,,,,,,,,,,,,,,,
BMW M6 F06 Gran Coupe,LIVIANO PASAJEROS,SEDAN,AUTOMOVIL,00833228,BMW M6 F06 Gran Coupe TP 4400CC T V8 TC,,,,,,205300.0,226800.0,250600.0,276900.0,,,,,,,,
BMW M6 F13 COUPE,LIVIANO PASAJEROS,SEDAN,AUTOMOVIL,00833215,BMW M6 F13 COUPE TP 4400CC T V8,,,,238700.0,242100.0,,,,,,,,,,,,
BMW M8 F93 Competition Gran Coupe,LIVIANO PASAJEROS,SEDAN,AUTOMOVIL,00833275,BMW M8 F93 Competition Gran Coupe TP 4400CC T TC,,,,,,,,,,,,640000.0,,,,,
BMW M850i G14 Cabriolet Xdrive,LIVIANO PASAJEROS,DESCAPOTABLES,AUTOMOVIL,00831057,BMW M850i G14 Cabriolet Xdrive TP 4400CC V8 T,,,,,,,,,,,487800.0,547300.0,,,,,
BMW M850i G15 COUPE Xdrive,LIVIANO PASAJEROS,SEDAN,AUTOMOVIL,00833253,BMW M850i G15 COUPE Xdrive TP 4400CC V8 T CT,,,,,,,,,,380000.0,,,,,,,
BMW M850i G16 GRAN COUPE Xdrive,LIVIANO PASAJEROS,SEDAN,AUTOMOVIL,00833281,BMW M850i G16 GRAN COUPE Xdrive TP 4400CC V8 T,,,,,,,,,,,,,,688400.0,,,
BMW X1 xDrive 25e Edicion M,LIVIANO PASAJEROS,UTILITARIO DEPORTIVO 4X4,CAMIONETA PASAJ.,00836102,BMW X1 xDrive 25e Edicion M TP 1500CC T,,,,,,,,,,,,,,,,241000.0,258400.0
BMW X1 xDrive 25e xLine,LIVIANO PASAJEROS,UTILITARIO DEPORTIVO 4X4,CAMIONETA PASAJ.,00836101,BMW X1 xDrive 25e xLine TP 1500CC T,,,,,,,,,,,,,,,,228300.0,249100.0
BMW X1 [2] [U11] xDrive 20d Edicion M,LIVIANO PASAJEROS,UTILITARIO DEPORTIVO 4X4,CAMIONETA PASAJ.,00836108,BMW X1 [2] [U11] xDrive 20d Edicion M TP 2000CC T 4X4,,,,,,,,,,,,,,,,227100.0,239800.0
BMW X1 [2] [U11] xDrive 20d xLine MHEV,LIVIANO PASAJEROS,UTILITARIO DEPORTIVO 4X4,CAMIONETA PASAJ.,00836109,BMW X1 [2] [U11] xDrive 20d xLine MHEV TP 2000CC TD 4X4,,,,,,,,,,,,,,,,,223100.0
BMW X1 [3] sDRIVE 18i Edicion M,LIVIANO PASAJEROS,UTILITARIO DEPORTIVO 4X2,CAMIONETA PASAJ.,00835014,BMW X1 [3] sDRIVE 18i Edicion M TP 1500CC T CT,,,,,,,,,,,,,,177800.0,189200.0,201300.0,211900.0
BMW X1 [3] sDRIVE 18I XLINE,LIVIANO PASAJEROS,UTILITARIO DEPORTIVO 4X2,CAMIONETA PASAJ.,00835013,BMW X1 [3] sDRIVE 18I XLINE AT 1500CC T CT,,,,,,,,,,,,,,156900.0,172600.0,202600.0,202600.0
BMW X1 [E84] sDrive 18d,LIVIANO PASAJEROS,UTILITARIO DEPORTIVO 4X2,CAMIONETA PASAJ.,00835003,BMW X1 [E84] sDrive 18d TP 2000CC TD,,,,60600.0,66700.0,73500.0,,,,,,,,,,,
BMW X1 [E84] sDrive 18i,LIVIANO PASAJEROS,UTILITARIO DEPORTIVO 4X2,CAMIONETA PASAJ.,00835002,BMW X1 [E84] sDrive 18i MT 2000CC,,52200.0,,,,,,,,,,,,,,,
BMW X1 [E84] sDrive 18i,LIVIANO PASAJEROS,UTILITARIO DEPORTIVO 4X2,CAMIONETA PASAJ.,00835001,BMW X1 [E84] sDrive 18i TP 2000CC,,47700.0,,,,,,,,,,,,,,,
BMW X1 [E84] sDrive 20i Sport,LIVIANO PASAJEROS,UTILITARIO DEPORTIVO 4X2,CAMIONETA PASAJ.,00835004,BMW X1 [E84] sDrive 20i Sport TP 2000CC T CT,,,,,64000.0,70500.0,,,,,,,,,,,
BMW X1 [E84] xDrive 20d,LIVIANO PASAJEROS,UTILITARIO DEPORTIVO 4X4,CAMIONETA PASAJ.,00836002,BMW X1 [E84] xDrive 20d MT 2000CC DSL,54000.0,59400.0,65500.0,,,,,,,,,,,,,,
BMW X1 [E84] xDrive 20d,LIVIANO PASAJEROS,UTILITARIO DEPORTIVO 4X4,CAMIONETA PASAJ.,00836005,BMW X1 [E84] xDrive 20d TP 2000CC DSL,49400.0,54400.0,59900.0,,,,,,,,,,,,,,
BMW X1 [E84] xDrive 25i,LIVIANO PASAJEROS,UTILITARIO DEPORTIVO 4X4,CAMIONETA PASAJ.,00836006,BMW X1 [E84] xDrive 25i TP 3000CC,,52300.0,57500.0,,,,,,,,,,,,,,
BMW X1 [E84] xDrive 28i estandar,LIVIANO PASAJEROS,UTILITARIO DEPORTIVO 4X4,CAMIONETA PASAJ.,00836003,BMW X1 [E84] xDrive 28i estandar TP 3000CC,52500.0,57900.0,,,,,,,,,,,,,,,
BMW X1 [E84] xDrive 28i Executive,LIVIANO PASAJEROS,UTILITARIO DEPORTIVO 4X4,CAMIONETA PASAJ.,00836004,BMW X1 [E84] xDrive 28i Executive TP 3000CC,50000.0,55100.0,60600.0,,,,,,,,,,,,,,
BMW X1 [E84] xDrive20i M Edition,LIVIANO PASAJEROS,UTILITARIO DEPORTIVO 4X4,CAMPERO,00836036,BMW X1 [E84] xDrive20i M Edition TP 2000CC T,,,51000.0,56100.0,61800.0,,,,,,,,,,,,
BMW X1 [F48] sDrive 18d,LIVIANO PASAJEROS,UTILITARIO DEPORTIVO 4X2,CAMIONETA PASAJ.,00835006,BMW X1 [F48] sDrive 18d TP 2000CC TD CT,,,,,,,85300.0,92400.0,94800.0,105700.0,,,,,,,
BMW X1 [F48] sDrive 18i,LIVIANO PASAJEROS,UTILITARIO DEPORTIVO 4X2,CAMIONETA PASAJ.,00835008,BMW X1 [F48] sDrive 18i TP 1500CC T CT,,,,,,,,,93400.0,102800.0,113200.0,124700.0,137400.0,151300.0,,,
BMW X1 [F48] sDrive 20i,LIVIANO PASAJEROS,UTILITARIO DEPORTIVO 4X2,CAMIONETA PASAJ.,00835005,BMW X1 [F48] sDrive 20i TP 2000CC T CT,,,,,,,77400.0,85300.0,93900.0,103400.0,113900.0,125400.0,138100.0,,,,
BMW X1 [U11] M35i xDrive,LIVIANO PASAJEROS,STATION WAGON,CAMIONETA PASAJ.,00834024,BMW X1 [U11] M35i xDrive TP 2000CC T CT,,,,,,,,,,,,,,,205800.0,226600.0,255700.0
BMW X2 [2] M35i xDrive,LIVIANO PASAJEROS,UTILITARIO DEPORTIVO 4X4,CAMIONETA PASAJ.,00836099,BMW X2 [2] M35i xDrive AT 2000CC T 4X4,,,,,,,,,,,,,,,257500.0,265000.0,265000.0
BMW X2 [2] U10 xDrive 20d Edicion M,LIVIANO PASAJEROS,UTILITARIO DEPORTIVO 4X4,CAMIONETA PASAJ.,00836107,BMW X2 [2] U10 xDrive 20d Edicion M TP 2000CC T 4X4,,,,,,,,,,,,,,,,232100.0,246400.0
BMW X2 [F39] sDrive 18i,LIVIANO PASAJEROS,UTILITARIO DEPORTIVO 4X2,CAMIONETA PASAJ.,00835009,BMW X2 [F39] sDrive 18i TP 1500CC T CT,,,,,,,,,,,110100.0,126000.0,137100.0,141500.0,,,
BMW X2 [F39] sDrive 20i M Sport X,LIVIANO PASAJEROS,UTILITARIO DEPORTIVO 4X2,CAMIONETA PASAJ.,00835007,BMW X2 [F39] sDrive 20i M Sport X TP 2000CC T CT,,,,,,,,,104300.0,114900.0,126500.0,139300.0,153400.0,169000.0,,,
BMW X2 [F39] xDrive M35i,LIVIANO PASAJEROS,UTILITARIO DEPORTIVO 4X4,CAMIONETA PASAJ.,00836072,BMW X2 [F39] xDrive M35i TP 2000CC T CT,,,,,,,,,,121500.0,133800.0,147400.0,162300.0,178800.0,,,
BMW X3 20 xDrive Edicion M,LIVIANO PASAJEROS,UTILITARIO DEPORTIVO 4X4,CAMIONETA PASAJ.,00836105,BMW X3 20 xDrive Edicion M TP 2000CC 4X4 T,,,,,,,,,,,,,,,,266700.0,278900.0
BMW X3 G45 20 Edicion M MHEV,LIVIANO PASAJEROS,UTILITARIO DEPORTIVO 4X2,CAMIONETA PASAJ.,00835016,BMW X3 G45 20 Edicion M MHEV TP 2000CC T 4X2,,,,,,,,,,,,,,,,,260300.0
BMW X3 xDrive30i,LIVIANO PASAJEROS,STATION WAGON,CAMIONETA PASAJ.,00834016,BMW X3 xDrive30i TP 2000CC T CT,,,,,,,,,,,,,175200.0,193000.0,212500.0,,
BMW X3 [E83] 2.5i,LIVIANO PASAJEROS,UTILITARIO DEPORTIVO 4X4,CAMIONETA PASAJ.,00836001,BMW X3 [E83] 2.5i AT 2500CC,,,,,,,,,,,,,,,,,
BMW X3 [E83] 2.5i,LIVIANO PASAJEROS,UTILITARIO DEPORTIVO 4X4,CAMPERO,00836011,BMW X3 [E83] 2.5i MT 2500CC,,,,,,,,,,,,,,,,,
BMW X3 [E83] 2.5si,LIVIANO PASAJEROS,UTILITARIO DEPORTIVO 4X4,CAMPERO,00836016,BMW X3 [E83] 2.5si AT 2500CC,49400.0,54400.0,,,,,,,,,,,,,,,
BMW X3 [E83] 3.0i,LIVIANO PASAJEROS,UTILITARIO DEPORTIVO 4X4,CAMPERO,00836010,BMW X3 [E83] 3.0i AT 3000CC,,,,,,,,,,,,,,,,,
BMW X3 [E83] 3.0i,LIVIANO PASAJEROS,UTILITARIO DEPORTIVO 4X4,CAMPERO,00836014,BMW X3 [E83] 3.0i MT 3000CC,,,,,,,,,,,,,,,,,
BMW X3 [E83] 3.0si,LIVIANO PASAJEROS,UTILITARIO DEPORTIVO 4X4,CAMPERO,00836017,BMW X3 [E83] 3.0si AT 3000CC,55900.0,61500.0,,,,,,,,,,,,,,,
BMW X3 [E83] 3.0si,LIVIANO PASAJEROS,UTILITARIO DEPORTIVO 4X4,CAMPERO,00836015,BMW X3 [E83] 3.0si MT 3000CC,,,,,,,,,,,,,,,,,
BMW X3 [E83] xDrive 2.0d,LIVIANO PASAJEROS,UTILITARIO DEPORTIVO 4X4,CAMPERO,00836028,BMW X3 [E83] xDrive 2.0d MT 2000CC TD,,,,,,,,,,,,,,,,,
BMW X3 [E83] xDrive 2.0d,LIVIANO PASAJEROS,UTILITARIO DEPORTIVO 4X4,CAMPERO,00836023,BMW X3 [E83] xDrive 2.0d TP 2000CC TD,51100.0,56300.0,,,,,,,,,,,,,,,
BMW X3 [E83] xDrive30i Executive,LIVIANO PASAJEROS,UTILITARIO DEPORTIVO 4X4,CAMPERO,00836024,BMW X3 [E83] xDrive30i Executive TP 3000CC CT,54800.0,60400.0,,,,,,,,,,,,,,,
BMW X3 [F25] xDrive20d Estandar,LIVIANO PASAJEROS,UTILITARIO DEPORTIVO 4X4,CAMPERO,00836039,BMW X3 [F25] xDrive20d Estandar TP 2000CC TD,,59600.0,65600.0,72300.0,79600.0,,,,,,,,,,,,
BMW X3 [F25] xDrive20d Executive,LIVIANO PASAJEROS,UTILITARIO DEPORTIVO 4X4,CAMPERO,00836030,BMW X3 [F25] xDrive20d Executive TP 2000CC TD,,60700.0,67500.0,70500.0,73500.0,77900.0,89700.0,91700.0,97300.0,,,,,,,,
BMW X3 [F25] xDrive20i,LIVIANO PASAJEROS,UTILITARIO DEPORTIVO 4X4,CAMPERO,00836034,BMW X3 [F25] xDrive20i TP 2000CC T,,51500.0,56700.0,62500.0,68800.0,75800.0,,,,,,,,,,,
BMW X3 [F25] xDrive28i,LIVIANO PASAJEROS,UTILITARIO DEPORTIVO 4X4,CAMPERO,00836042,BMW X3 [F25] xDrive28i TP 2000CC T CT,,,,68800.0,75700.0,83400.0,91900.0,101200.0,,,,,,,,,
BMW X3 [F25] xDrive28i,LIVIANO PASAJEROS,UTILITARIO DEPORTIVO 4X4,CAMPERO,00836031,BMW X3 [F25] xDrive28i TP 3000CC CT,,61000.0,67200.0,,,,,,,,,,,,,,
BMW X3 [F25] xDrive28i M Edition,LIVIANO PASAJEROS,UTILITARIO DEPORTIVO 4X4,CAMPERO,00836043,BMW X3 [F25] xDrive28i M Edition TP 2000CC T CT,,,,68800.0,75800.0,,,,,,,,,,,,
BMW X3 [F25] xDrive30d,LIVIANO PASAJEROS,UTILITARIO DEPORTIVO 4X4,CAMPERO,00836037,BMW X3 [F25] xDrive30d TP 3000CC TD,,,71500.0,77300.0,84600.0,96000.0,102300.0,110800.0,,,,,,,,,
BMW X3 [F25] xDrive35i Executive,LIVIANO PASAJEROS,UTILITARIO DEPORTIVO 4X4,CAMPERO,00836033,BMW X3 [F25] xDrive35i Executive TP 3000CC T CT,,62100.0,68400.0,75300.0,82900.0,91300.0,,110700.0,,,,,,,,,
BMW X3 [F97] M Competition,LIVIANO PASAJEROS,UTILITARIO DEPORTIVO 4X4,CAMIONETA PASAJ.,00836078,BMW X3 [F97] M Competition TP 3000CC T CT TC,,,,,,,,,,,337100.0,362700.0,390000.0,419400.0,451000.0,,
BMW X3 [G01] M40i,LIVIANO PASAJEROS,UTILITARIO DEPORTIVO 4X4,CAMPERO,00836065,BMW X3 [G01] M40i TP 3000CC T CT,,,,,,,,,156500.0,160200.0,183500.0,201700.0,216900.0,240400.0,287600.0,,
BMW X3 [G01] xDrive20d,LIVIANO PASAJEROS,UTILITARIO DEPORTIVO 4X4,CAMPERO,00836064,BMW X3 [G01] xDrive20d TP 2000CC TD,,,,,,,,,131300.0,145100.0,,,,,,,
BMW X3 [G01] xDrive30e,LIVIANO PASAJEROS,UTILITARIO DEPORTIVO 4X4,CAMIONETA PASAJ.,00836085,BMW X3 [G01] xDrive30e TP 2000CC T CT TC,,,,,,,,,,,,204400.0,225100.0,247900.0,273000.0,,
BMW X3 [G01] xDrive30i,LIVIANO PASAJEROS,UTILITARIO DEPORTIVO 4X4,CAMPERO,00836063,BMW X3 [G01] xDrive30i TP 2000CC T,,,,,,,,,133100.0,137100.0,143900.0,169400.0,173600.0,188600.0,238900.0,,
BMW X3 [G45] M50 xDrive Edición M PRO,LIVIANO PASAJEROS,UTILITARIO DEPORTIVO 4X4,CAMIONETA PASAJ.,00836106,BMW X3 [G45] M50 xDrive Edición M PRO TP 3000CC T,,,,,,,,,,,,,,,,364200.0,381200.0
BMW X4 [F26] xDrive20d Xline,LIVIANO PASAJEROS,UTILITARIO DEPORTIVO 4X4,CAMPERO,00836050,BMW X4 [F26] xDrive20d Xline TP 2000CC TD CT,,,,,,101100.0,107900.0,113400.0,115200.0,125100.0,,,,,,,
BMW X4 [F26] xDrive20i M Edition,LIVIANO PASAJEROS,UTILITARIO DEPORTIVO 4X4,CAMPERO,00836057,BMW X4 [F26] xDrive20i M Edition TP 2000CC T CT,,,,,,100600.0,110900.0,121600.0,,,,,,,,,
BMW X4 [F26] xDrive20i Xline,LIVIANO PASAJEROS,UTILITARIO DEPORTIVO 4X4,CAMPERO,00836048,BMW X4 [F26] xDrive20i Xline TP 2000CC T CT,,,,,,92800.0,99100.0,106500.0,107100.0,,,,,,,,
BMW X4 [F26] xDrive28i M Edition,LIVIANO PASAJEROS,UTILITARIO DEPORTIVO 4X4,CAMPERO,00836049,BMW X4 [F26] xDrive28i M Edition TP 2000CC T CT TC,,,,,,95000.0,98700.0,109200.0,119300.0,,,,,,,,
BMW X4 [F26] xDrive28i Xline,LIVIANO PASAJEROS,UTILITARIO DEPORTIVO 4X4,CAMIONETA PASAJ.,00836070,BMW X4 [F26] xDrive28i Xline TP 2000CC T CT,,,,,,,,,124000.0,,,,,,,,
BMW X4 [F26] xDrive35i Xline,LIVIANO PASAJEROS,UTILITARIO DEPORTIVO 4X4,CAMPERO,00836055,BMW X4 [F26] xDrive35i Xline TP 3000CC T CT,,,,,,109100.0,120200.0,,,,,,,,,,
BMW X4 [F98] M Competition,LIVIANO PASAJEROS,UTILITARIO DEPORTIVO 4X4,CAMIONETA PASAJ.,00836081,BMW X4 [F98] M Competition TP 3000CC T CT TC,,,,,,,,,,,272700.0,282000.0,,343700.0,386900.0,,
BMW X4 [G02] M40i,LIVIANO PASAJEROS,UTILITARIO DEPORTIVO 4X4,CAMPERO,00836068,BMW X4 [G02] M40i TP 3000CC T,,,,,,,,,,181900.0,200300.0,220600.0,242900.0,267600.0,294700.0,324500.0,
BMW X4 [G02] xDrive30i,LIVIANO PASAJEROS,UTILITARIO DEPORTIVO 4X4,CAMPERO,00836066,BMW X4 [G02] xDrive30i TP 2000CC T CT TC,,,,,,,,,,148500.0,163600.0,180100.0,198400.0,218500.0,240600.0,,
BMW X4 [G02] xDrive30i  Edicion M,LIVIANO PASAJEROS,STATION WAGON,CAMIONETA PASAJ.,00834022,BMW X4 [G02] xDrive30i  Edicion M TP 2000CC T CT,,,,,,,,,,,,,,,242000.0,257100.0,
BMW X5 xDrive 40i M Performance,LIVIANO PASAJEROS,STATION WAGON,CAMIONETA PASAJ.,00834025,BMW X5 xDrive 40i M Performance TP 3000CC TC,,,,,,,,,,194900.0,,236500.0,,,,,
BMW X5 xDrive40i Exclusive,LIVIANO PASAJEROS,STATION WAGON,CAMIONETA PASAJ.,00834023,BMW X5 xDrive40i Exclusive TP 3000CC T CT,,,,,,,,,,,192400.0,212200.0,234800.0,259000.0,,,
BMW X5 xDrive40i xLine,LIVIANO PASAJEROS,UTILITARIO DEPORTIVO 4X4,CAMIONETA PASAJ.,00836104,BMW X5 xDrive40i xLine TP 3000CC 4X4 6AB,,,,,,,,,,175000.0,192800.0,,,,,,
BMW X5 [E53] 3.0i,LIVIANO PASAJEROS,UTILITARIO DEPORTIVO 4X4,CAMPERO,00836009,BMW X5 [E53] 3.0i MT 3000CC,,,,,,,,,,,,,,,,,
BMW X5 [E53] 3.0i,LIVIANO PASAJEROS,UTILITARIO DEPORTIVO 4X4,CAMPERO,00836013,BMW X5 [E53] 3.0i TP 3000CC,,,,,,,,,,,,,,,,,
BMW X5 [E53] 4.4i,LIVIANO PASAJEROS,UTILITARIO DEPORTIVO 4X4,CAMPERO,00836007,BMW X5 [E53] 4.4i TP 4400CC V8,,,,,,,,,,,,,,,,,
BMW X5 [E53] 4.6is,LIVIANO PASAJEROS,UTILITARIO DEPORTIVO 4X4,CAMPERO,00836008,BMW X5 [E53] 4.6is TP 4600CC V8,,,,,,,,,,,,,,,,,
BMW X5 [E53] 4.8is,LIVIANO PASAJEROS,UTILITARIO DEPORTIVO 4X4,CAMPERO,00836012,BMW X5 [E53] 4.8is TP 4800CC V8,,,,,,,,,,,,,,,,,
BMW X5 [E70] 3.0si,LIVIANO PASAJEROS,UTILITARIO DEPORTIVO 4X4,CAMPERO,00836020,BMW X5 [E70] 3.0si TP 3000CC,58600.0,,,,,,,,,,,,,,,,
BMW X5 [E70] 3.5d,LIVIANO PASAJEROS,UTILITARIO DEPORTIVO 4X4,CAMPERO,00836058,BMW X5 [E70] 3.5d TP 3000CC TD,69600.0,,,,,,,,,,,,,,,,
BMW X5 [E70] 4.8i Premium,LIVIANO PASAJEROS,UTILITARIO DEPORTIVO 4X4,CAMPERO,00836018,BMW X5 [E70] 4.8i Premium TP 4800CC V8,76400.0,,,,,,,,,,,,,,,,
BMW X5 [E70] 4.8i Sport,LIVIANO PASAJEROS,UTILITARIO DEPORTIVO 4X4,CAMPERO,00836019,BMW X5 [E70] 4.8i Sport TP 4800CC V8,73200.0,,,,,,,,,,,,,,,,
BMW X5 [E70] M,LIVIANO PASAJEROS,UTILITARIO DEPORTIVO 4X4,CAMPERO,00836029,BMW X5 [E70] M TP 4400CC V8 T,94400.0,104000.0,114600.0,,,,,,,,,,,,,,
BMW X5 [E70] xDrive30d Estandar,LIVIANO PASAJEROS,UTILITARIO DEPORTIVO 4X4,CAMPERO,00836025,BMW X5 [E70] xDrive30d Estandar TP 3000CC TD,65900.0,72600.0,80000.0,88100.0,97000.0,,,,,,,,,,,,
BMW X5 [E70] xDrive30d Premium,LIVIANO PASAJEROS,UTILITARIO DEPORTIVO 4X4,CAMPERO,00836038,BMW X5 [E70] xDrive30d Premium TP 3000CC TD,,69400.0,76500.0,84200.0,92800.0,,,,,,,,,,,,
BMW X5 [E70] xDrive30d Sport,LIVIANO PASAJEROS,UTILITARIO DEPORTIVO 4X4,CAMPERO,00836040,BMW X5 [E70] xDrive30d Sport TP 3000CC TD,,,77600.0,85500.0,,,,,,,,,,,,,
BMW X5 [E70] xDrive35i Premium,LIVIANO PASAJEROS,UTILITARIO DEPORTIVO 4X4,CAMPERO,00836027,BMW X5 [E70] xDrive35i Premium TP 3000CC T,,69600.0,76600.0,84400.0,92900.0,,,,,,,,,,,,
BMW X5 [E70] xDrive35i Sport,LIVIANO PASAJEROS,UTILITARIO DEPORTIVO 4X4,CAMPERO,00836035,BMW X5 [E70] xDrive35i Sport TP 3000CC T,,71700.0,75700.0,83800.0,,,,,,,,,,,,,
BMW X5 [E70] xDrive50i Sport,LIVIANO PASAJEROS,UTILITARIO DEPORTIVO 4X4,CAMPERO,00836026,BMW X5 [E70] xDrive50i Sport TP 4400CC V8 T,,85200.0,93800.0,103300.0,,,,,,,,,,,,,
BMW X5 [F15] xDrive30d,LIVIANO PASAJEROS,UTILITARIO DEPORTIVO 4X4,CAMPERO,00836051,BMW X5 [F15] xDrive30d TP 3000CC TD,,,,,,120400.0,132600.0,146000.0,160800.0,,,,,,,,
BMW X5 [F15] xDrive30d Navigation,LIVIANO PASAJEROS,UTILITARIO DEPORTIVO 4X4,CAMPERO,00836046,BMW X5 [F15] xDrive30d Navigation TP 3000CC TD,,,,,108800.0,119800.0,,,,,,,,,,,
BMW X5 [F15] xDrive30d Premium,LIVIANO PASAJEROS,UTILITARIO DEPORTIVO 4X4,CAMPERO,00836052,BMW X5 [F15] xDrive30d Premium TP 3000CC TD,,,,,100800.0,111000.0,122300.0,134600.0,148300.0,163300.0,,,,,,,
BMW X5 [F15] xDrive35i,LIVIANO PASAJEROS,UTILITARIO DEPORTIVO 4X4,CAMPERO,00836053,BMW X5 [F15] xDrive35i TP 3000CC T CT,,,,,97500.0,107300.0,118200.0,130200.0,143400.0,,,,,,,,
BMW X5 [F15] xDrive35i Premium,LIVIANO PASAJEROS,UTILITARIO DEPORTIVO 4X4,CAMPERO,00836047,BMW X5 [F15] xDrive35i Premium TP 3000CC T CT TC,,,,,96900.0,106700.0,117500.0,129400.0,142500.0,,,,,,,,
BMW X5 [F15] xDrive40e,LIVIANO PASAJEROS,UTILITARIO DEPORTIVO 4X4,CAMPERO,00836062,BMW X5 [F15] xDrive40e TP 2000CC T CT,,,,,,,,128200.0,141200.0,,,,,,,,
BMW X5 [F15] xDrive50i,LIVIANO PASAJEROS,UTILITARIO DEPORTIVO 4X4,CAMPERO,00836045,BMW X5 [F15] xDrive50i TP 4400CC T V8,,,,,129400.0,142600.0,157000.0,172900.0,190400.0,,,,,,,,
BMW X5 [F85] M,LIVIANO PASAJEROS,UTILITARIO DEPORTIVO 4X4,CAMPERO,00836060,BMW X5 [F85] M TP 4400CC V8 T,,,,,,,215900.0,218100.0,251900.0,,,,,,,,
BMW X5 [F95] M,LIVIANO PASAJEROS,UTILITARIO DEPORTIVO 4X4,CAMIONETA PASAJ.,00836088,BMW X5 [F95] M TP 4400CC T CT TC,,,,,,,,,,,,,,560600.0,,,
BMW X5 [F95] M Competition,LIVIANO PASAJEROS,UTILITARIO DEPORTIVO 4X4,CAMIONETA PASAJ.,00836083,BMW X5 [F95] M Competition TP 4400CC T CT TC,,,,,,,,,,,,412400.0,412400.0,726700.0,,,
BMW X5 [FL] M Competition,LIVIANO PASAJEROS,UTILITARIO DEPORTIVO 4X4,CAMIONETA PASAJ.,00836100,BMW X5 [FL] M Competition TP 4400CC T TC,,,,,,,,,,,,,,,,836900.0,818300.0
BMW X5 [G05] M50i,LIVIANO PASAJEROS,UTILITARIO DEPORTIVO 4X4,CAMIONETA PASAJ.,00836076,BMW X5 [G05] M50i TP 4400CC T CT TC,,,,,,,,,,,282700.0,304800.0,312400.0,351200.0,,,
BMW X5 [G05] M60i Xdrive,LIVIANO PASAJEROS,STATION WAGON,CAMIONETA PASAJ.,00834020,BMW X5 [G05] M60i Xdrive TP 4400CC T TC,,,,,,,,,,,,,,,424800.0,460200.0,502100.0
BMW X5 [G05] xDrive30d,LIVIANO PASAJEROS,UTILITARIO DEPORTIVO 4X4,CAMIONETA PASAJ.,00836069,BMW X5 [G05] xDrive30d TP 3000CC TD CT TC,,,,,,,,,,185300.0,204300.0,225300.0,,,,,
BMW X5 [G05] xDrive40i,LIVIANO PASAJEROS,UTILITARIO DEPORTIVO 4X4,CAMPERO,00836067,BMW X5 [G05] xDrive40i TP 3000CC T CT TC,,,,,,,,,,231700.0,243800.0,260900.0,289200.0,314700.0,347500.0,376500.0,362600.0
BMW X5 [G05] xDrive40i Edición M,LIVIANO PASAJEROS,UTILITARIO DEPORTIVO 4X4,CAMIONETA PASAJ.,00836087,BMW X5 [G05] xDrive40i Edición M TP 3000CC T CT TC,,,,,,,,,,,,,321700.0,352500.0,387300.0,423900.0,381200.0
BMW X5 [G05] xDrive45E,LIVIANO PASAJEROS,UTILITARIO DEPORTIVO 4X4,CAMIONETA PASAJ.,00836077,BMW X5 [G05] xDrive45E TP 3000CC T CT TC,,,,,,,,,,,208300.0,229400.0,252600.0,278200.0,,,
BMW X5 [G05] xDrive50e Edicion M,LIVIANO PASAJEROS,UTILITARIO DEPORTIVO 4X4,CAMIONETA PASAJ.,00836098,BMW X5 [G05] xDrive50e Edicion M TP 3000CC CT TC,,,,,,,,,,,,,,,431900.0,446600.0,437000.0
BMW X5 [G05] xDrive50e X Line,LIVIANO PASAJEROS,UTILITARIO DEPORTIVO 4X4,CAMIONETA PASAJ.,00836094,BMW X5 [G05] xDrive50e X Line TP 3000CC CT TC,,,,,,,,,,,,,,,436700.0,418400.0,418400.0
BMW X5 [G05] xDrive50i,LIVIANO PASAJEROS,UTILITARIO DEPORTIVO 4X4,CAMIONETA PASAJ.,00836071,BMW X5 [G05] xDrive50i TP 4400CC T CT TC,,,,,,,,,,209500.0,,,,,,,
BMW X6 [E71] M,LIVIANO PASAJEROS,UTILITARIO DEPORTIVO 4X4,CAMPERO,00836032,BMW X6 [E71] M TP 4400CC V8 T,,129800.0,142900.0,157400.0,173400.0,,,,,,,,,,,,
BMW X6 [E71] xDrive30d Premium,LIVIANO PASAJEROS,UTILITARIO DEPORTIVO 4X4,CAMPERO,00836041,BMW X6 [E71] xDrive30d Premium TP 3000CC TD CT,,,104900.0,115600.0,127300.0,,,,,,,,,,,,
BMW X6 [E71] xDrive35i Premium,LIVIANO PASAJEROS,UTILITARIO DEPORTIVO 4X4,CAMPERO,00836021,BMW X6 [E71] xDrive35i Premium TP 3000CC T,84700.0,93300.0,102800.0,113200.0,124600.0,,,,,,,,,,,,
BMW X6 [E71] xDrive35i Standard,LIVIANO PASAJEROS,UTILITARIO DEPORTIVO 4X4,CAMPERO,00836044,BMW X6 [E71] xDrive35i Standard TP 3000CC T,,,,106900.0,117800.0,,,,,,,,,,,,
BMW X6 [E71] xDrive50i,LIVIANO PASAJEROS,UTILITARIO DEPORTIVO 4X4,CAMPERO,00836022,BMW X6 [E71] xDrive50i TP 4400CC V8,98100.0,108100.0,119000.0,131100.0,,,,,,,,,,,,,
BMW X6 [F16] xDrive30d Premium,LIVIANO PASAJEROS,UTILITARIO DEPORTIVO 4X4,CAMPERO,00836056,BMW X6 [F16] xDrive30d Premium TP 3000CC TD CT TC,,,,,,145500.0,160300.0,176500.0,194400.0,214100.0,,,,,,,
BMW X6 [F16] xDrive35i,LIVIANO PASAJEROS,UTILITARIO DEPORTIVO 4X4,CAMPERO,00836054,BMW X6 [F16] xDrive35i TP 3000CC T CT,,,,,,132300.0,145700.0,160400.0,176700.0,194600.0,,,,,,,
BMW X6 [F16] xDrive50i,LIVIANO PASAJEROS,UTILITARIO DEPORTIVO 4X4,CAMPERO,00836061,BMW X6 [F16] xDrive50i TP 4400CC V8 T,,,,,,,,203900.0,224600.0,247300.0,,,,,,,
BMW X6 [F86] M,LIVIANO PASAJEROS,UTILITARIO DEPORTIVO 4X4,CAMPERO,00836059,BMW X6 [F86] M TP 4400CC V8 T,,,,,,,217500.0,238800.0,265600.0,293400.0,,,,,,,
BMW X6 [F96] M Competition,LIVIANO PASAJEROS,UTILITARIO DEPORTIVO 4X4,CAMIONETA PASAJ.,00836084,BMW X6 [F96] M Competition TP 4400CC T CT TC,,,,,,,,,,,,386200.0,426700.0,471500.0,,,
BMW X6 [F96] M Competition,LIVIANO PASAJEROS,UTILITARIO DEPORTIVO 4X4,CAMIONETA PASAJ.,00836095,BMW X6 [F96] M Competition TP 4400CC T CT TC,,,,,,,,,,,,,,,637700.0,855500.0,
BMW X6 [G06] M50i,LIVIANO PASAJEROS,UTILITARIO DEPORTIVO 4X4,CAMPERO,00836080,BMW X6 [G06] M50i TP 4400CC T CT TC,,,,,,,,,,,334100.0,368500.0,407800.0,449800.0,,,
BMW X6 [G06] M60i EDICION M/PRO MHEV,LIVIANO PASAJEROS,STATION WAGON,CAMIONETA PASAJ.,00834018,BMW X6 [G06] M60i EDICION M/PRO MHEV TP 4400CC CT TC,,,,,,,,,,,,,,,474600.0,511600.0,530000.0
BMW X6 [G06] XDrive 40i Edicion M,LIVIANO PASAJEROS,STATION WAGON,CAMIONETA PASAJ.,00834019,BMW X6 [G06] XDrive 40i Edicion M TP 3000CC T CT,,,,,,,,,,,,,,,414000.0,445900.0,415600.0
BMW X6 [G06] xDrive40i,LIVIANO PASAJEROS,UTILITARIO DEPORTIVO 4X4,CAMPERO,00836079,BMW X6 [G06] xDrive40i TP 3000CC T,,,,,,,,,,,231400.0,254800.0,280600.0,309000.0,340300.0,,
BMW X6 [G06] xDrive40i Exclusive,LIVIANO PASAJEROS,STATION WAGON,CAMIONETA PASAJ.,00834021,BMW X6 [G06] xDrive40i Exclusive TP 3000CC T CT,,,,,,,,,,,,,,432300.0,,,
BMW X7 [G07] M50i,LIVIANO PASAJEROS,UTILITARIO DEPORTIVO 4X4,CAMIONETA PASAJ.,00836082,BMW X7 [G07] M50i TP 4400CC T CT TC,,,,,,,,,,,,332800.0,370400.0,429000.0,449100.0,576500.0,557900.0
BMW X7 [G07] xDrive 40i Edicion M,LIVIANO PASAJEROS,UTILITARIO DEPORTIVO 4X4,CAMIONETA PASAJ.,00836073,BMW X7 [G07] xDrive 40i Edicion M TP 3000CC T CT TC,,,,,,,,,,249800.0,275100.0,303000.0,,367500.0,404700.0,445700.0,474200.0
BMW X7 [G07] xDrive 40i Edicion M MHEV,LIVIANO PASAJEROS,UTILITARIO DEPORTIVO 4X4,CAMIONETA PASAJ.,00836110,BMW X7 [G07] xDrive 40i Edicion M MHEV TP 3000CC T CT TC,,,,,,,,,,,,,,,,535800.0,
BMW X7 [G07] xDrive 40i Pure Excellence,LIVIANO PASAJEROS,UTILITARIO DEPORTIVO 4X4,CAMIONETA PASAJ.,00836074,BMW X7 [G07] xDrive 40i Pure Excellence TP 3000CC T CT TC,,,,,,,,,,,243500.0,278900.0,300000.0,365100.0,404300.0,,
BMW X7 [G07] xDrive 40i Pure Excellence Hybrid,LIVIANO PASAJEROS,UTILITARIO DEPORTIVO 4X4,CAMIONETA PASAJ.,00836092,BMW X7 [G07] xDrive 40i Pure Excellence Hybrid TP 3000CC CT TC,,,,,,,,,,,,,,389900.0,419200.0,455600.0,464900.0
BMW X7 [G07] xDrive 50i Pure Excellence,LIVIANO PASAJEROS,UTILITARIO DEPORTIVO 4X4,CAMIONETA PASAJ.,00836075,BMW X7 [G07] xDrive 50i Pure Excellence TP 4400CC T CT TC,,,,,,,,,,308100.0,338600.0,,,,,,
BMW X7 [G07]M60i xDrive,LIVIANO PASAJEROS,UTILITARIO DEPORTIVO 4X4,CAMIONETA PASAJ.,00836090,BMW X7 [G07]M60i xDrive TP 4400CC T CT,,,,,,,,,,,,,,575300.0,,,
BMW X7 [G07]M60i xDrive MHEV,LIVIANO PASAJEROS,UTILITARIO DEPORTIVO 4X4,CAMIONETA PASAJ.,00836096,BMW X7 [G07]M60i xDrive MHEV TP 4400CC T CT,,,,,,,,,,,,,,,555200.0,557900.0,557900.0
BMW XM [G09] M XDRIVE,LIVIANO PASAJEROS,STATION WAGON,CAMIONETA PASAJ.,00834017,BMW XM [G09] M XDRIVE TP 4400CC T TC,,,,,,,,,,,,,,,919900.0,1022900.0,1022900.0
BMW Z3 E36 M ROADSTER,LIVIANO PASAJEROS,DESCAPOTABLES,AUTOMOVIL,00831003,BMW Z3 E36 M ROADSTER MT 3200CC,,,,,,,,,,,,,,,,,
BMW Z3 E36 ROADSTER,LIVIANO PASAJEROS,DESCAPOTABLES,AUTOMOVIL,00831014,BMW Z3 E36 ROADSTER MT 1900CC,,,,,,,,,,,,,,,,,
BMW Z3 E36 ROADSTER,LIVIANO PASAJEROS,DESCAPOTABLES,AUTOMOVIL,00831021,BMW Z3 E36 ROADSTER MT 2200CC,,,,,,,,,,,,,,,,,
BMW Z3 E36 ROADSTER,LIVIANO PASAJEROS,DESCAPOTABLES,AUTOMOVIL,00831004,BMW Z3 E36 ROADSTER MT 2800CC,,,,,,,,,,,,,,,,,
BMW Z4 E85 M ROADSTER,LIVIANO PASAJEROS,DESCAPOTABLES,AUTOMOVIL,00831039,BMW Z4 E85 M ROADSTER MT 3200CC,,,,,,,,,,,,,,,,,
BMW Z4 E85 ROADSTER 2.5si,LIVIANO PASAJEROS,DESCAPOTABLES,AUTOMOVIL,00831018,BMW Z4 E85 ROADSTER 2.5si MT 2500CC,,,,,,,,,,,,,,,,,
BMW Z4 E85 ROADSTER 2.5si,LIVIANO PASAJEROS,DESCAPOTABLES,AUTOMOVIL,00831012,BMW Z4 E85 ROADSTER 2.5si TP 2500CC,,,,,,,,,,,,,,,,,
BMW Z4 E85 ROADSTER 3.0i,LIVIANO PASAJEROS,DESCAPOTABLES,AUTOMOVIL,00831028,BMW Z4 E85 ROADSTER 3.0i TP 3000CC,,,,,,,,,,,,,,,,,
BMW Z4 E85 ROADSTER 3.0si,LIVIANO PASAJEROS,DESCAPOTABLES,AUTOMOVIL,00831005,BMW Z4 E85 ROADSTER 3.0si TP 3000CC,,,,,,,,,,,,,,,,,
BMW Z4 E86 COUPE 3.0si,LIVIANO PASAJEROS,HATCHBACK,AUTOMOVIL,00832011,BMW Z4 E86 COUPE 3.0si MT 3000CC,,,,,,,,,,,,,,,,,
BMW Z4 E86 M COUPE,LIVIANO PASAJEROS,HATCHBACK,AUTOMOVIL,00832010,BMW Z4 E86 M COUPE MT 3200CC,,,,,,,,,,,,,,,,,
BMW Z4 E89 sDRIVE20i,LIVIANO PASAJEROS,DESCAPOTABLES,AUTOMOVIL,00831036,BMW Z4 E89 sDRIVE20i TP 2000CC,,,100600.0,103200.0,104600.0,107400.0,118300.0,128100.0,,,,,,,,,
BMW Z4 E89 sDRIVE23i,LIVIANO PASAJEROS,DESCAPOTABLES,AUTOMOVIL,00831031,BMW Z4 E89 sDRIVE23i MT 2500CC,95700.0,98000.0,99900.0,,,,,,,,,,,,,,
BMW Z4 E89 sDRIVE23i,LIVIANO PASAJEROS,DESCAPOTABLES,AUTOMOVIL,00831026,BMW Z4 E89 sDRIVE23i TP 2500CC,96000.0,99500.0,99900.0,,,,,,,,,,,,,,
BMW Z4 E89 sDRIVE35i,LIVIANO PASAJEROS,DESCAPOTABLES,AUTOMOVIL,00831035,BMW Z4 E89 sDRIVE35i MT 3000CC T,,,122400.0,,,,,,,,,,,,,,
BMW Z4 E89 sDRIVE35i,LIVIANO PASAJEROS,DESCAPOTABLES,AUTOMOVIL,00831044,BMW Z4 E89 sDRIVE35i TP 3000CC T,,,,,,152500.0,,,,,,,,,,,
BMW Z4 E89 sDRIVE35i s,LIVIANO PASAJEROS,DESCAPOTABLES,AUTOMOVIL,00831038,BMW Z4 E89 sDRIVE35i s TP 3000CC T,,,,128500.0,,,,,,,,,,,,,
BMW Z4 [G29] M40i,LIVIANO PASAJEROS,DESCAPOTABLES,AUTOMOVIL,00831056,BMW Z4 [G29] M40i TP 3000CC T,,,,,,,,,,,246900.0,266200.0,280500.0,306800.0,346300.0,334700.0,353400.0
BMW Z4 [G29] sDrive 20i,LIVIANO PASAJEROS,DESCAPOTABLES,AUTOMOVIL,00831055,BMW Z4 [G29] sDrive 20i TP 2000CC T,,,,,,,,,,166400.0,169500.0,196300.0,199000.0,201500.0,222900.0,237100.0,
BMW C 400 GT,MOTOS,SCOOTERS,MOTOCICLETA,00856006,BMW C 400 GT AT 350CC ABS,,,,,,,,,,37300.0,45300.0,49200.0,53500.0,58100.0,63200.0,65300.0,61400.0
BMW C 400 X,MOTOS,SCOOTERS,MOTOCICLETA,00856005,BMW C 400 X AT 350CC ABS,,,,,,,,,,35000.0,35800.0,36200.0,36500.0,36500.0,56100.0,61400.0,57700.0
BMW C 600 Sport,MOTOS,SCOOTERS,MOTOCICLETA,00856002,BMW C 600 Sport AT 650CC,,,,30400.0,30700.0,31200.0,,,,,,,,,,,
BMW C 650 GT,MOTOS,SCOOTERS,MOTOCICLETA,00856003,BMW C 650 GT AT 650CC,,,,30700.0,32100.0,32600.0,34300.0,37500.0,41000.0,41100.0,42700.0,,,,,,
BMW C 650 Sport,MOTOS,SCOOTERS,MOTOCICLETA,00856004,BMW C 650 Sport AT 650CC,,,,,,,33300.0,34800.0,36500.0,38100.0,38900.0,,,,,,
BMW C1 200,MOTOS,SCOOTERS,MOTOCICLETA,00856001,BMW C1 200 AT 200CC,,,,,,,,,,,,,,,,,
BMW CE 02 BASIC,MOTOS,SCOOTERS,MOTOCICLETA,00856008,BMW CE 02 BASIC AT ABS,,,,,,,,,,,,,,,39600.0,39600.0,40000.0
BMW CE 02 HIGHLINE,MOTOS,SCOOTERS,MOTOCICLETA,00856009,BMW CE 02 HIGHLINE AT ABS,,,,,,,,,,,,,,,44200.0,44200.0,44600.0
BMW CE 04 AVANTGARDE/WHITE,MOTOS,SCOOTERS,MOTOCICLETA,00856007,BMW CE 04 AVANTGARDE/WHITE AT ABS,,,,,,,,,,,,,54500.0,59200.0,64400.0,65300.0,63200.0
BMW F 650 GS,MOTOS,ENDURO (SUPERMOTARD),MOTOCICLETA,00854006,BMW F 650 GS MT 650CC,,,,,,,,,,,,,,,,,
BMW F 650 GS DAKAR,MOTOS,ENDURO (SUPERMOTARD),MOTOCICLETA,00854002,BMW F 650 GS DAKAR MT 650CC,,,,,,,,,,,,,,,,,
BMW F 650 GS TWIN,MOTOS,ENDURO (SUPERMOTARD),MOTOCICLETA,00854010,BMW F 650 GS TWIN MT 800CC,21600.0,23200.0,24900.0,,,,,,,,,,,,,,
BMW F 650 S/ST,MOTOS,ENDURO (SUPERMOTARD),MOTOCICLETA,00854008,BMW F 650 S/ST MT 650CC,,,,,,,,,,,,,,,,,
BMW F 700 GS,MOTOS,ENDURO (SUPERMOTARD),MOTOCICLETA,00854015,BMW F 700 GS MT 800CC,,,,37600.0,38300.0,38400.0,39000.0,41100.0,43400.0,,,,,,,,
BMW F 750 GS COMFORT,MOTOS,TURISMO (BÁSICAS-NAKED-CUSTOM),MOTOCICLETA,00857053,BMW F 750 GS COMFORT MT 850CC ABS,,,,,,,,,,,48600.0,52300.0,,60500.0,65100.0,,
BMW F 750 GS ESSENTIAL,MOTOS,TURISMO (BÁSICAS-NAKED-CUSTOM),MOTOCICLETA,00857055,BMW F 750 GS ESSENTIAL MT 850CC ABS,,,,,,,,,,,,,,60700.0,,,
BMW F 750 GS Premium,MOTOS,ENDURO (SUPERMOTARD),MOTOCICLETA,00854024,BMW F 750 GS Premium MT 850CC ABS,,,,,,,,,,50400.0,54200.0,58300.0,62700.0,67400.0,72500.0,,
BMW F 800 GS,MOTOS,ENDURO (SUPERMOTARD),MOTOCICLETA,00854012,BMW F 800 GS MT 800CC,34700.0,34700.0,35900.0,38800.0,39600.0,40600.0,42900.0,45400.0,51600.0,,,,,,,,
BMW F 800 GS ADVENTURE,MOTOS,ENDURO (SUPERMOTARD),MOTOCICLETA,00854018,BMW F 800 GS ADVENTURE MT 800CC,,,,42000.0,45000.0,48400.0,51900.0,55800.0,60000.0,,,,,,,,
BMW F 800 GT,MOTOS,TURISMO (BÁSICAS-NAKED-CUSTOM),MOTOCICLETA,00857011,BMW F 800 GT MT 800CC,,,,43000.0,43400.0,,,,,,,,,,,,
BMW F 800 R,MOTOS,TURISMO (BÁSICAS-NAKED-CUSTOM),MOTOCICLETA,00857008,BMW F 800 R MT 800CC,21200.0,22800.0,24500.0,26300.0,28200.0,,,,,,,,,,,,
BMW F 800 R [FL],MOTOS,TURISMO (BÁSICAS-NAKED-CUSTOM),MOTOCICLETA,00857014,BMW F 800 R [FL] MT 800CC,,,,,,40800.0,41600.0,42900.0,43600.0,43900.0,,,,,,,
BMW F 800 S,MOTOS,TURISMO (BÁSICAS-NAKED-CUSTOM),MOTOCICLETA,00857038,BMW F 800 S MT 800CC,26200.0,,,,,,,,,,,,,,,,
BMW F 800 [K80] GS,MOTOS,ENDURO (SUPERMOTARD),MOTOCICLETA,00854033,BMW F 800 [K80] GS MT 900CC ABS,,,,,,,,,,,,,,,71800.0,74400.0,72500.0
BMW F 850 [K81] GS Comfort,MOTOS,ENDURO (SUPERMOTARD),MOTOCICLETA,00854029,BMW F 850 [K81] GS Comfort MT 850CC ABS,,,,,,,,,,50100.0,53800.0,57900.0,62300.0,67200.0,71600.0,,
BMW F 850 [K81] GS Premium,MOTOS,ENDURO (SUPERMOTARD),MOTOCICLETA,00854025,BMW F 850 [K81] GS Premium MT 850CC ABS,,,,,,,,,,54600.0,64100.0,66400.0,68700.0,70100.0,70000.0,,
BMW F 850 [K82] GS ADVENTURE,MOTOS,ENDURO (SUPERMOTARD),MOTOCICLETA,00854028,BMW F 850 [K82] GS ADVENTURE MT 850CC ABS,,,,,,,,,,60700.0,65300.0,70200.0,75500.0,81200.0,94900.0,,
BMW F 900 GS,MOTOS,TURISMO (BÁSICAS-NAKED-CUSTOM),MOTOCICLETA,00857057,BMW F 900 GS MT 900CC ABS,,,,,,,,,,,,,,,91100.0,81900.0,84600.0
BMW F 900 GS ADVENTURE PREMIUM/HP,MOTOS,TURISMO (BÁSICAS-NAKED-CUSTOM),MOTOCICLETA,00857058,BMW F 900 GS ADVENTURE PREMIUM/HP MT 900CC ABS,,,,,,,,,,,,,,,94800.0,95800.0,89300.0
BMW F 900 GS COMFORT,MOTOS,TURISMO (BÁSICAS-NAKED-CUSTOM),MOTOCICLETA,00857060,BMW F 900 GS COMFORT MT 900CC ABS,,,,,,,,,,,,,,,78200.0,73600.0,77200.0
BMW F 900 GS-P,MOTOS,ENDURO (SUPERMOTARD),MOTOCICLETA,00854037,BMW F 900 GS-P MT 900CC ABS,,,,,,,,,,,,,,,,75300.0,
BMW F 900 R DYNAMIC,MOTOS,TURISMO (BÁSICAS-NAKED-CUSTOM),MOTOCICLETA,00857044,BMW F 900 R DYNAMIC MT 900CC ABS,,,,,,,,,,,49700.0,58400.0,63700.0,64200.0,59800.0,61400.0,62300.0
BMW F 900 R PURE,MOTOS,TURISMO (BÁSICAS-NAKED-CUSTOM),MOTOCICLETA,00857054,BMW F 900 R PURE MT 900CC ABS,,,,,,,,,,,,,,,53400.0,51200.0,54900.0
BMW F 900 XR DYNAMIC,MOTOS,TURISMO (BÁSICAS-NAKED-CUSTOM),MOTOCICLETA,00857045,BMW F 900 XR DYNAMIC MT 900CC ABS,,,,,,,,,,,62800.0,55000.0,59100.0,63500.0,68300.0,73500.0,74400.0
BMW G 310 [K02] GS,MOTOS,ENDURO (SUPERMOTARD),MOTOCICLETA,00854023,BMW G 310 [K02] GS MT 310CC ABS,,,,,,,,18500.0,19900.0,21400.0,23000.0,24700.0,26600.0,29500.0,30800.0,31600.0,32600.0
BMW G 310 [K03] R,MOTOS,TURISMO (BÁSICAS-NAKED-CUSTOM),MOTOCICLETA,00857018,BMW G 310 [K03] R MT 310CC ABS,,,,,,,,19500.0,20000.0,20200.0,20700.0,22400.0,23600.0,23900.0,24200.0,27900.0,28800.0
BMW G 450 X,MOTOS,ENDURO (SUPERMOTARD),MOTOCICLETA,00854009,BMW G 450 X MT 450CC,18900.0,,,,,,,,,,,,,,,,
BMW G 650 GS SERTAO,MOTOS,ENDURO (SUPERMOTARD),MOTOCICLETA,00854016,BMW G 650 GS SERTAO MT 650CC,,,22300.0,23200.0,24400.0,26200.0,,,,,,,,,,,
BMW G 650 GS [180],MOTOS,ENDURO (SUPERMOTARD),MOTOCICLETA,00854014,BMW G 650 GS [180] MT 650CC,19000.0,20400.0,,,,,,,,,,,,,,,
BMW G 650 GS [188],MOTOS,ENDURO (SUPERMOTARD),MOTOCICLETA,00854020,BMW G 650 GS [188] MT 650CC,,21300.0,22800.0,24400.0,26200.0,28200.0,30300.0,,,,,,,,,,
BMW G 650 Xmoto,MOTOS,ENDURO (SUPERMOTARD),MOTOCICLETA,00854007,BMW G 650 Xmoto MT 650CC,,,,,,,,,,,,,,,,,
BMW HP2 ENDURO,MOTOS,ENDURO (SUPERMOTARD),MOTOCICLETA,00854005,BMW HP2 ENDURO MT 1200CC,,,,,,,,,,,,,,,,,
BMW HP4 SPORT,MOTOS,DEPORTIVA,MOTOCICLETA,00853010,BMW HP4 SPORT MT 1000CC,,,,66900.0,71100.0,,,,,,,,,,,,
BMW K 1200LT,MOTOS,TURISMO (BÁSICAS-NAKED-CUSTOM),MOTOCICLETA,00857037,BMW K 1200LT MT 1200CC,,,,,,,,,,,,,,,,,
BMW K 1200R,MOTOS,TURISMO (BÁSICAS-NAKED-CUSTOM),MOTOCICLETA,00857006,BMW K 1200R MT 1200CC,,,,,,,,,,,,,,,,,
BMW K 1200S,MOTOS,DEPORTIVA,MOTOCICLETA,00853005,BMW K 1200S MT 1200CC,,,,,,,,,,,,,,,,,
BMW K 1300R,MOTOS,TURISMO (BÁSICAS-NAKED-CUSTOM),MOTOCICLETA,00857009,BMW K 1300R MT 1300CC,41600.0,45500.0,46000.0,47800.0,56700.0,,,,,,,,,,,,
BMW K 1300S,MOTOS,DEPORTIVA,MOTOCICLETA,00853008,BMW K 1300S MT 1300CC,40300.0,,,,,,,,,,,,,,,,
BMW K 1600B,MOTOS,TURISMO (BÁSICAS-NAKED-CUSTOM),MOTOCICLETA,00857021,BMW K 1600B MT 1600CC,,,,,,,,,76200.0,,,,,,,,
BMW K 1600GT,MOTOS,TURISMO (BÁSICAS-NAKED-CUSTOM),MOTOCICLETA,00857039,BMW K 1600GT MT 1600CC,,,,42500.0,,,,,,,,,,,156400.0,,
BMW K 1600GTL,MOTOS,TURISMO (BÁSICAS-NAKED-CUSTOM),MOTOCICLETA,00857010,BMW K 1600GTL MT 1600CC,,42600.0,46000.0,,,,,,,164900.0,,177300.0,190700.0,188600.0,165600.0,,
BMW K 1600GTL EXCLUSIVE,MOTOS,TURISMO (BÁSICAS-NAKED-CUSTOM),MOTOCICLETA,00857015,BMW K 1600GTL EXCLUSIVE MT 1600CC,,,,,67400.0,74600.0,82300.0,,,,,,,,,,
BMW K 75S,MOTOS,TURISMO (BÁSICAS-NAKED-CUSTOM),MOTOCICLETA,00857034,BMW K 75S MT 750CC,,,,,,,,,,,,,,,,,
BMW M 1000 R,MOTOS,TURISMO (BÁSICAS-NAKED-CUSTOM),MOTOCICLETA,00857059,BMW M 1000 R MT 1000CC ABS,,,,,,,,,,,,,,,143500.0,163700.0,
BMW M 1000 RR M,MOTOS,DEPORTIVA,MOTOCICLETA,00853012,BMW M 1000 RR M MT 1000CC,,,,,,,,,,,,,166000.0,211500.0,220800.0,208700.0,225100.0
BMW M 1000 XR,MOTOS,DEPORTIVA,MOTOCICLETA,00853015,BMW M 1000 XR MT 1000CC ABS,,,,,,,,,,,,,,,154500.0,160200.0,
BMW M [FL] 1000 RR,MOTOS,DEPORTIVA,MOTOCICLETA,00853019,BMW M [FL] 1000 RR MT 1000CC ABS,,,,,,,,,,,,,,,,235000.0,
BMW R 100/7T,MOTOS,TURISMO (BÁSICAS-NAKED-CUSTOM),MOTOCICLETA,00857022,BMW R 100/7T MT 980CC,,,,,,,,,,,,,,,,,
BMW R 1100GS,MOTOS,ENDURO (SUPERMOTARD),MOTOCICLETA,00854001,BMW R 1100GS MT 1100CC,,,,,,,,,,,,,,,,,
BMW R 1100S,MOTOS,TURISMO (BÁSICAS-NAKED-CUSTOM),MOTOCICLETA,00857033,BMW R 1100S MT 1100CC,,,,,,,,,,,,,,,,,
BMW R 1150GS,MOTOS,ENDURO (SUPERMOTARD),MOTOCICLETA,00854004,BMW R 1150GS MT 1150CC,,,,,,,,,,,,,,,,,
BMW R 1150GS ADVENTURE,MOTOS,ENDURO (SUPERMOTARD),MOTOCICLETA,00854011,BMW R 1150GS ADVENTURE MT 1150CC,,,,,,,,,,,,,,,,,
BMW R 1150R,MOTOS,TURISMO (BÁSICAS-NAKED-CUSTOM),MOTOCICLETA,00857004,BMW R 1150R MT 1150CC,,,,,,,,,,,,,,,,,
BMW R 12,MOTOS,TURISMO (BÁSICAS-NAKED-CUSTOM),MOTOCICLETA,00857061,BMW R 12 MT 1200CC ABS,,,,,,,,,,,,,,,,83700.0,
BMW R 1200C,MOTOS,TURISMO (BÁSICAS-NAKED-CUSTOM),MOTOCICLETA,00857007,BMW R 1200C MT 1200CC,,,,,,,,,,,,,,,,,
BMW R 1200RT,MOTOS,TURISMO (BÁSICAS-NAKED-CUSTOM),MOTOCICLETA,00857036,BMW R 1200RT MT 1200CC,43600.0,,,,,,,,,,,,,,,,
BMW R 1200ST,MOTOS,TURISMO (BÁSICAS-NAKED-CUSTOM),MOTOCICLETA,00857035,BMW R 1200ST MT 1200CC,,,,,,,,,,,,,,,,,
BMW R 1300 GS ADVENTURE PREMIUM RED/AUTO,MOTOS,TURISMO (BÁSICAS-NAKED-CUSTOM),MOTOCICLETA,00857063,BMW R 1300 GS ADVENTURE PREMIUM RED/AUTO MT 1300CC ABS,,,,,,,,,,,,,,,,147900.0,148800.0
BMW R 1300 GS ADVENTURE PREMIUM TROPHY/T BLACK/KARAKOUM,MOTOS,TURISMO (BÁSICAS-NAKED-CUSTOM),MOTOCICLETA,00857064,BMW R 1300 GS ADVENTURE PREMIUM TROPHY/T BLACK/KARAKOUM MT 1300CC ABS,,,,,,,,,,,,,,,,154400.0,156200.0
BMW R 1300 GS PREMIUM/PRO,MOTOS,ENDURO (SUPERMOTARD),MOTOCICLETA,00854031,BMW R 1300 GS PREMIUM/PRO MT 1300CC ABS,,,,,,,,,,,,,,,116800.0,124400.0,148800.0
BMW R 1300 GS PURE,MOTOS,ENDURO (SUPERMOTARD),MOTOCICLETA,00854034,BMW R 1300 GS PURE MT 1300CC ABS,,,,,,,,,,,,,,,116800.0,124400.0,128300.0
BMW R 1300 GS TRAMUNTANA,MOTOS,ENDURO (SUPERMOTARD),MOTOCICLETA,00854032,BMW R 1300 GS TRAMUNTANA MT 1300CC ABS,,,,,,,,,,,,,,,116800.0,124400.0,143200.0
BMW R 1300 GS TRIPLE BLACK,MOTOS,ENDURO (SUPERMOTARD),MOTOCICLETA,00854036,BMW R 1300 GS TRIPLE BLACK MT 1300CC ABS,,,,,,,,,,,,,,,112600.0,119800.0,147900.0
BMW R 1300 GS TROPHY,MOTOS,ENDURO (SUPERMOTARD),MOTOCICLETA,00854035,BMW R 1300 GS TROPHY MT 1300CC ABS,,,,,,,,,,,,,,,137100.0,140400.0,130200.0
BMW R 18 BAGGER,MOTOS,TURISMO (BÁSICAS-NAKED-CUSTOM),MOTOCICLETA,00857066,BMW R 18 BAGGER MT 1800CC ABS,,,,,,,,,,,,,,,119200.0,,
BMW R 18 TRANSCONTINENTAL,MOTOS,TURISMO (BÁSICAS-NAKED-CUSTOM),MOTOCICLETA,00857065,BMW R 18 TRANSCONTINENTAL MT 1800CC ABS,,,,,,,,,,,,,,130200.0,130200.0,,
BMW R 18/ROCTANE,MOTOS,TURISMO (BÁSICAS-NAKED-CUSTOM),MOTOCICLETA,00857048,BMW R 18/ROCTANE MT 1800CC ABS,,,,,,,,,,,,99200.0,100700.0,101400.0,104500.0,,
BMW R 850R,MOTOS,TURISMO (BÁSICAS-NAKED-CUSTOM),MOTOCICLETA,00857003,BMW R 850R MT 850CC,,,,,,,,,,,,,,,,,
BMW R [K21] nineT,MOTOS,TURISMO (BÁSICAS-NAKED-CUSTOM),MOTOCICLETA,00857013,BMW R [K21] nineT MT 1200CC,,,,,58400.0,60100.0,61600.0,61900.0,62500.0,64600.0,,67900.0,71600.0,71800.0,72300.0,,
BMW R [K22] nineT Pure,MOTOS,TURISMO (BÁSICAS-NAKED-CUSTOM),MOTOCICLETA,00857020,BMW R [K22] nineT Pure MT 1200CC ABS,,,,,,,,64900.0,64900.0,65000.0,65300.0,66000.0,70500.0,70900.0,70600.0,,
BMW R [K23] nineT Scrambler,MOTOS,TURISMO (BÁSICAS-NAKED-CUSTOM),MOTOCICLETA,00857017,BMW R [K23] nineT Scrambler MT 1200CC ABS,,,,,,,,62100.0,62800.0,63000.0,67400.0,78400.0,84100.0,84500.0,85000.0,,
BMW R [K25] 1200GS,MOTOS,ENDURO (SUPERMOTARD),MOTOCICLETA,00854003,BMW R [K25] 1200GS MT 1200CC,43800.0,47600.0,48400.0,54400.0,,,,,,,,,,,,,
BMW R [K25] 1200GS ADVENTURE,MOTOS,ENDURO (SUPERMOTARD),MOTOCICLETA,00854013,BMW R [K25] 1200GS ADVENTURE MT 1200CC,45700.0,48000.0,50100.0,53300.0,,,,,,,,,,,,,
BMW R [K27] 1200R,MOTOS,TURISMO (BÁSICAS-NAKED-CUSTOM),MOTOCICLETA,00857005,BMW R [K27] 1200R MT 1200CC,44800.0,47100.0,49500.0,52500.0,57400.0,,,,,,,,,,,,
BMW R [K33] nineT Urban G/S,MOTOS,TURISMO (BÁSICAS-NAKED-CUSTOM),MOTOCICLETA,00857019,BMW R [K33] nineT Urban G/S MT 1200CC ABS,,,,,,,,,67700.0,67700.0,,,78000.0,78700.0,77300.0,,
BMW R [K33] nineT Urban GS Edición 40 años,MOTOS,TURISMO (BÁSICAS-NAKED-CUSTOM),MOTOCICLETA,00857051,BMW R [K33] nineT Urban GS Edición 40 años MT 1200CC ABS,,,,,,,,,,,,141400.0,,,,,
BMW R [K50] 1200GS,MOTOS,ENDURO (SUPERMOTARD),MOTOCICLETA,00854017,BMW R [K50] 1200GS MT 1200CC,,,,52500.0,56500.0,60800.0,65400.0,70300.0,75600.0,81300.0,,,,,,,
BMW R [K50] 1250 GS,MOTOS,ENDURO (SUPERMOTARD),MOTOCICLETA,00854026,BMW R [K50] 1250 GS MT 1250CC ABS,,,,,,,,,,88000.0,89500.0,92200.0,101500.0,101600.0,105000.0,,
BMW R [K51] 1200GS ADVENTURE,MOTOS,ENDURO (SUPERMOTARD),MOTOCICLETA,00854021,BMW R [K51] 1200GS ADVENTURE MT 1200CC,,,,,65000.0,68800.0,73200.0,77100.0,81700.0,,,,,,,,
BMW R [K51] 1250 GS ADVENTURE P,MOTOS,ENDURO (SUPERMOTARD),MOTOCICLETA,00854027,BMW R [K51] 1250 GS ADVENTURE P MT 1250CC ABS,,,,,,,,,,93300.0,100300.0,107800.0,115900.0,124600.0,134000.0,,
BMW R [K51] 1250 GS ADVENTURE R,MOTOS,ENDURO (SUPERMOTARD),MOTOCICLETA,00854030,BMW R [K51] 1250 GS ADVENTURE R MT 1250CC ABS,,,,,,,,,,,,127700.0,138800.0,150900.0,150900.0,,
BMW R [K52] 1200RT,MOTOS,TURISMO (BÁSICAS-NAKED-CUSTOM),MOTOCICLETA,00857040,BMW R [K52] 1200RT MT 1200CC,,,,,63400.0,64800.0,68700.0,71400.0,80900.0,,,,,,,,
BMW R [K52] 1250RT,MOTOS,TURISMO (BÁSICAS-NAKED-CUSTOM),MOTOCICLETA,00857046,BMW R [K52] 1250RT MT 1250CC ABS,,,,,,,,,,115900.0,116100.0,122900.0,,,,,
BMW R [K52] [FL] 1250 RT,MOTOS,TURISMO (BÁSICAS-NAKED-CUSTOM),MOTOCICLETA,00857052,BMW R [K52] [FL] 1250 RT MT 1250CC ABS,,,,,,,,,,,,,120300.0,120300.0,129700.0,129700.0,
BMW R [K53] 1200 R,MOTOS,TURISMO (BÁSICAS-NAKED-CUSTOM),MOTOCICLETA,00857016,BMW R [K53] 1200 R MT 1200CC ABS,,,,,,70200.0,77300.0,78200.0,78400.0,,,,,,,,
BMW R [K53] 1250 R,MOTOS,TURISMO (BÁSICAS-NAKED-CUSTOM),MOTOCICLETA,00857043,BMW R [K53] 1250 R MT 1250CC ABS,,,,,,,,,,74800.0,79700.0,82500.0,87400.0,99900.0,95200.0,106700.0,
BMW R [K54] 1200 RS,MOTOS,TURISMO (BÁSICAS-NAKED-CUSTOM),MOTOCICLETA,00857042,BMW R [K54] 1200 RS MT 1200CC ABS,,,,,,,70700.0,,,,,,,,,,
BMW R [KR1] 12 NINE T PREMIUM,MOTOS,TURISMO (BÁSICAS-NAKED-CUSTOM),MOTOCICLETA,00857062,BMW R [KR1] 12 NINE T PREMIUM MT 1200CC ABS,,,,,,,,,,,,,,,,93000.0,105500.0
BMW S 1000 R DYNAMIC,MOTOS,TURISMO (BÁSICAS-NAKED-CUSTOM),MOTOCICLETA,00857056,BMW S 1000 R DYNAMIC MT 1000CC,,,,,,,,,,,,,,,103000.0,,
BMW S 1000 RR,MOTOS,DEPORTIVA,MOTOCICLETA,00853016,BMW S 1000 RR DYNAMIC HP,,,,,,,,,,,,,,,,124800.0,130200.0
BMW S 1000 RR,MOTOS,DEPORTIVA,MOTOCICLETA,00853017,BMW S 1000 RR MOTORSPORT HP,,,,,,,,,,,,,,,,148800.0,148800.0
BMW S 1000 RR MS CARBON,MOTOS,DEPORTIVA,MOTOCICLETA,00853013,BMW S 1000 RR MS CARBON MT 1000CC ABS,,,,,,,,,,,,,,174800.0,,,
BMW S 1000 RR MS HP CARBON,MOTOS,DEPORTIVA,MOTOCICLETA,00853018,BMW S 1000 RR MS HP CARBON MT 1000CC ABS,,,,,,,,,,,,,,,,163200.0,167400.0
BMW S 1000 XR DYNAMIC,MOTOS,TURISMO (BÁSICAS-NAKED-CUSTOM),MOTOCICLETA,00857047,BMW S 1000 XR DYNAMIC MT 1000CC,,,,,,,,,,,,108100.0,108100.0,109500.0,110500.0,111700.0,114400.0
BMW S 1000 XR MOTORSPORT,MOTOS,TURISMO (BÁSICAS-NAKED-CUSTOM),MOTOCICLETA,00857041,BMW S 1000 XR MOTORSPORT MT 1000CC  ABS,,,,,,,77700.0,79600.0,81400.0,86500.0,,,,,92800.0,123700.0,125600.0
BMW S [FL] 1000 R DYNAMIC,MOTOS,TURISMO (BÁSICAS-NAKED-CUSTOM),MOTOCICLETA,00857067,BMW S [FL] 1000 R DYNAMIC MT 1000CC ABS,,,,,,,,,,,,,,,,105300.0,104200.0
BMW S [FL] 1000 R MS HP,MOTOS,TURISMO (BÁSICAS-NAKED-CUSTOM),MOTOCICLETA,00857068,BMW S [FL] 1000 R MS HP MT 1000CC ABS,,,,,,,,,,,,,,,,105000.0,118100.0
BMW S [K46] 1000 RR,MOTOS,DEPORTIVA,MOTOCICLETA,00853009,BMW S [K46] 1000 RR MT 1000CC,55600.0,56800.0,57600.0,58200.0,60700.0,61000.0,66800.0,68700.0,73900.0,79100.0,,,,,,,
BMW S [K47] 1000 R,MOTOS,TURISMO (BÁSICAS-NAKED-CUSTOM),MOTOCICLETA,00857012,BMW S [K47] 1000 R MT 1000CC,,,,,52700.0,53000.0,61600.0,63100.0,70400.0,74300.0,,,,,,,
BMW S [K47] [FL] 1000 R,MOTOS,TURISMO (BÁSICAS-NAKED-CUSTOM),MOTOCICLETA,00857049,BMW S [K47] [FL] 1000 R MT 1000CC,,,,,,,,,,,79600.0,84000.0,89400.0,94200.0,100000.0,,
BMW S [K63] 1000 R M,MOTOS,TURISMO (BÁSICAS-NAKED-CUSTOM),MOTOCICLETA,00857050,BMW S [K63] 1000 R M MT 1000CC,,,,,,,,,,,,,106600.0,106800.0,97500.0,,
BMW S [K67] 1000 RR DYNAMIC,MOTOS,DEPORTIVA,MOTOCICLETA,00853014,BMW S [K67] 1000 RR DYNAMIC MT 1000CC ABS,,,,,,,,,,,,,,,,136700.0,
BMW S [K67] 1000 RR M,MOTOS,DEPORTIVA,MOTOCICLETA,00853011,BMW S [K67] 1000 RR M MT 1000CC,,,,,,,,,,,115500.0,128500.0,132600.0,134500.0,127000.0,138000.0,148800.0
